,index,long,lat,name,info,a,b,c,d,e,f
0,0,-74.05677800000002,40.857684000000006,Costco - Teterboro; Gas/Diesel; #1214,201-596-7001,2 Teterboro Landing Dr,Teterboro,NJ,07608,USA,
1,1,-76.95043199999998,38.920378,Costco - Washington; #1120,202-269-8540,2441 Market St NE,Washington,DC,20018,USA,
2,2,-72.967736,41.539384999999996,Costco - Waterbury; Gas; #0313,203-596-9967,3600 E Main St; I-84 Exit 25 or 26,Waterbury,CT,06705,USA,
3,3,-73.406385,41.441957,Costco - Brookfield; Gas; #0304,203-740-7623,200 Federal Rd,Brookfield,CT,06804,USA,
4,4,-73.45145500000002,41.092017,Costco - Norwalk; #0324,203-822-2000,779 Connecticut Ave,Norwalk,CT,06854,USA,
5,5,-73.02466700000002,41.250934,Costco - Milford; Gas; #0312,203-882-8881,1718 Boston Post Rd,Milford,CT,06460,USA,
6,6,-97.20549,49.82027,Costco - South Winnipeg; Gas; #0549,204-487-5100,2365 McGillivray Blvd,Winnipeg,MB,R3Y 0A1,CAN,
7,7,-97.198652,49.904268,Costco - West Winnipeg; #0057,204-788-4754,1315 St. James Street,Winnipeg,MB,R3H 0K9,CAN,
8,8,-97.052697,49.896763,Costco - East Winnipeg; Gas; #0153,204-989-9997,1499 Regent Avenue,Winnipeg,MB,R2C 4M4,CAN,
9,9,-86.812736,33.379407,Costco - Hoover; Gas; #0362,205-909-1039,3650 Galleria CR; I-459 Exit 13,Hoover,AL,35244,USA,
10,10,-122.344862,47.775285,Costco - Aurora Village; Gas/Diesel; #0106,206-546-0480,1175 N 205th Street,Shoreline,WA,98133,USA,
11,11,-122.24833999999998,47.445595000000004,Costco - Tuckwila; Gas/Diesel; #0006,206-575-9191,400 Costco Dr Ste 150,Tukwila,WA,98188,USA,
12,12,-122.330453,47.564921999999996,Costco - Seattle; Gas; #0001,206-674-1220,4401 4th Avenue South; I-5 Exit 163,Seattle,WA,98134,USA,
13,13,-112.45517,42.904996000000004,Costco - Pocatello; Gas; #1033,208-238-4040,305 West Quinn; I-86 Exit 61,Pocatello,ID,83202,USA,
14,14,-116.27668999999999,43.58507700000001,Costco - Boise; Gas; #0761,208-321-8703,2051 S Cole Rd; I-84 Exit 50,Boise,ID,83709,USA,
15,15,-116.589753,43.614889,Costco - Nampa; Gas; #0734,208-465-3810,16700 N Marketplace Blvd; I-84 Exit 33,Nampa,ID,83687,USA,
16,16,-116.783026,47.708846,Costco - Coeur D' Alene; Gas/Diesel; #0773,208-676-7350,355 East Neider Ave,Coeur D'Alene,ID,83815,USA,
17,17,-114.463844,42.592958,Costco - Twin Falls; Gas; #0145,208-736-1550,731 Pole Line Rd,Twin Falls,ID,83301,USA,
18,18,-121.066252,37.700208,Costco - Modesto; Gas; #0661,209-342-4903,3801 Pelandale Ave; Hwy 99 Exit 233,Modesto,CA,95356,USA,
19,19,-121.263328,38.10026,Costco - Lodi; Gas; #1091,209-366-7300,2680 Reynolds Ranch Pkwy; Hwy 99 Exit 263,Lodi,CA,95240,USA,
20,20,-121.29275200000001,38.018799,Costco - Stockton; Gas; #0038,209-478-2045,1616 East Hammer Ln; Hwy 99 Exit 258,Stockton,CA,95210,USA,
21,21,-120.888552,37.519131,Costco - Turlock; Gas; #0782,209-656-5301,2955 N Tegner Rd; Hwy 99 Exit 215,Turlock,CA,95380,USA,
22,22,-120.496987,37.303226,Costco - Merced; Gas; #0142,209-725-5020,1445 R Street,Merced,CA,95340,USA,
23,23,-121.260319,37.785154,Costco - Manteca; Gas; #1031,209-825-8200,2440 Daniels St; Hwy 120 Exit 3,Manteca,CA,95336,USA,
24,24,-121.47570400000001,37.750507,Costco - Tracy; Gas; #0658,209-830-5343,3250 W Grant Line Rd; I-205 EXit 6,Tracy,CA,95377,USA,
25,25,-98.597208,29.576109000000002,Costco - NW San Antonio; Gas; #0689,210-200-2023,5611 Utsa Blvd,San Antonio,TX,78249,USA,
26,26,-82.311008,34.836086,Costco - Selma; Gas; #1006,210-332-1072,15330 IH-35 North,Selma,TX,78154,USA,
27,27,-98.47535,29.612209000000004,Costco - Sonterra Park; #0693,210-403-4703,1201 North Loop 1604 East,San Antonio,TX,78232,USA,
28,28,-73.93146,40.795715,Costco - Manhattan; #1062,212-896-5882,517 E 117th St,New York,NY,10035,USA,
29,29,-75.08009200000002,40.196711,Costco - Bucks County; Gas; #1103,213-347-1950,100 Veterans Way,Warminster,PA,18974,USA,
30,30,-75.23421,40.237198,Costco - Montgomeryville; #0248,215-353-4153,740 Upper State Rd,North Wales,PA,19454,USA,
31,31,-94.247851,46.348715999999996,Costco - Baxter; Gas; #1122,218-855-5740,13650 Elder Dr,Baxter,MN,56425,USA,
32,32,-87.32186800000002,41.473844,Costco - Merrillville; Gas; #0370,219-641-6403,1310 E 79th Ave; I-65 Exit 263,Merrillville,IN,46410,USA,
33,33,-91.07352,30.420016999999998,Costco - Baton Rouge; Gas; #1172,225-295-4600,10000 Dawndale Ave,Baton Rouge,LA,70809,USA,
34,34,-80.582161,43.444302,Costco - Waterloo; Gas; #1248,226-215-1150,930 Erb St W,Waterloo,ON,N2J 3Z4,CAN,
35,35,-85.57243299999998,44.733226,Costco - Traverse City; Gas/Diesel; #1279,231-252-7000,125 E South Airport Rd,Traverse City,MI,49686,USA,
36,36,-81.874196,26.544565999999996,Costco - Fort Myers; Gas; #0351,239-415-3806,7171 Cypress Lake Dr,Fort Myers,FL,33907,USA,
37,37,-81.785933,26.489631,Costco - Estero; Gas; #0621,239-433-7242,10088 Gulf Center Dr; I-75 Exit 128,Fort Myers,FL,33913,USA,
38,38,-81.77533100000002,26.220651,Costco - Naples; Gas; #0354,239-596-6404,6275 Naples Blvd,Naples,FL,34109,USA,
39,39,-83.50295600000003,42.598149,Costco - Commerce Twp; Gas; #0341,248-529-2300,3000 Commerce Crossing,Commerce Township,MI,48390,USA,
40,40,-83.11766,42.51557800000001,Costco - Madson Heights; Gas; #0393,248-616-0048,30550 Stephenson Hwy,Madison Heights,MI,48071,USA,
41,41,-83.295923,42.70663,Costco - Auburn Hills; Gas; #0376,248-648-0003,400 Brown Rd; I-75 Exit 84,Auburn Hills,MI,48326,USA,
42,42,-83.29271,42.607025,Costco - Bloomfield; Gas; #0392,248-836-1601,2343 South Telegraph Rd,Bloomfield,MI,48302,USA,
43,43,-124.9619,49.713215999999996,Costco - Courtenay; Gas; #1092,250-331-8700,588 Crown Isle Blvd,Courtenay,BC,V9N 0A6,CAN,
44,44,-120.38815100000001,50.654990999999995,Costco - Kamloops; Gas; #0161,250-374-4209,1675 Versatile Drive,Kamloops,BC,V1S 1W7,CAN,
45,45,-124.045,49.236774,Costco - Nanaimo; #0155,250-390-3231,6700 Island Highway N.,Nanaimo,BC,V9V 1K8,CAN,
46,46,-123.501499,48.458039,Costco - Langford; Gas; #0256,250-391-0972,799 McCallum Road,Victoria,BC,V9B 6A2,CAN,
47,47,-122.77148700000001,53.883145999999996,Costco - Prince George; Gas; #0158,250-561-1784,2555 Range Road,Prince George,BC,V2N 4GB,CAN,
48,48,-119.419494,49.887018,Costco - Kelowna; #0059,250-868-9512,2479 Highway 97,Kelowna,BC,V1X 4J2,CAN,
49,49,-88.117864,30.64957,Costco - Mobile; Gas; #1192,251-308-7030,1450 Tingle Circle W; I-65 Exit 1,Mobile,AL,36606,USA,
50,50,-122.308696,47.156326,Costco - Puyallup; Gas; #0660,253-445-7543,1201 39th Ave SW,Puyallup,WA,98373,USA,
51,51,-122.468144,47.224717999999996,Costco - Tacoma; Gas; #0095,253-671-6000,2219 South 37th Street; I-5 Exit 132 or 133,Tacoma,WA,98409,USA,
52,52,-122.37395500000001,47.238296999999996,Business Center; #0767,253-719-1953,3900 20th St East,Fife,WA,98424,USA,
53,53,-122.158056,47.167537,Costco - Bonney Lake; Gas; #1278,253-750-8120,9801 204th Ave E,Bonney Lake,WA,98391,USA,
54,54,-122.121742,47.355307,Costco - Covington; Gas; #1029,253-796-1002,27520 Covington Way SE,Covington,WA,98042,USA,
55,55,-122.60439299999999,47.357357,Costco - Gig Harbor; Gas; #0624,253-853-8600,10990 Harbor Hill Dr,Gig Harbor,WA,98335,USA,
56,56,-122.309595,47.286913,Costco - Federal Way; Gas; #0061,253-874-3652,35100 Enchanted Pkwy S; I-5 Exit 142,Federal Way,WA,98003,USA,
57,57,-86.602743,34.743446999999996,Costco - Huntsville; Gas; #0356,256-519-2223,1205 Memorial Pkwy NW; I-565 Exit 19,Huntsville,AL,35801,USA,
58,58,-85.159063,41.12631,Costco - Fort Wayne; Gas; #1161,260-481-1100,5110 Value Dr; I-69 Exit 311,Fort Wayne,IN,46808,USA,
59,59,-87.921614,43.432946,Costco - Grafton; Gas; #0628,262-204-1050,950 Port Washington Rd,Grafton,WI,53024,USA,
60,60,-87.921133,42.564538,Costco - Pleasant Prairie; Gas/Diesel; #1198,262-597-1027,7707 94th Ave; I-94 Exit 344,Pleasant Prairie,WI,53158,USA,
61,61,-88.10635400000002,42.944793,Costco - New Berlin; Gas/Diesel; #1212,262-599-7030,15300 W Grange Ave,New Berlin,WI,53151,USA,
62,62,-88.11118,43.183386999999996,Costco - Menomonee Falls; Gas/Diesel; #1209,262-946-6060,W162 N9235 Pershing Ave; Hwy 45 Exit 51/52,Menomenee Falls,WI,53051,USA,
63,63,-88.23139300000004,43.089596,Costco - Pewaukee; Gas; #1101,262-956-6700,443 Pewaukee Rd,Pewaukee,WI,53072,USA,
64,64,-85.646834,42.27182,Costco - Kalamazoo; Gas; #1191,269-743-2298,5100 Century Ave; I-94 Exit 36,Kalamazoo,MI,49006,USA,
65,65,-95.78152,29.782545000000002,Costco - West Katy; Gas; #1167,281-347-9900,23645 Katy Freeway; I-10 Exit 742/743,Katy,TX,77494,USA,
66,66,-95.643425,29.585354,Costco - Sugar Land; Gas; #1146,281-566-6720,17520 SW Freeway,Sugar Land,TX,77479,USA,
67,67,-95.389811,29.544538,Costco - Pearland; Gas/Diesel; #1221,281-707-7001,3500 Business Center Dr,Pearland,TX,77584,USA,
68,68,-95.266846,30.021269,Costco - Humble; Gas/Diesel; #1228,281-707-7051,21802 Townson Blvd W,Humble,TX,77338,USA,
69,69,-95.142022,29.536398,Costco - Webster; Gas; #1330,281-707-7750,1310 Jasmine Ave; I-45 Exit 26,Webster,TX,77598,USA,
70,70,-79.643225,43.216815999999994,Costco - Stoney Creek; Gas; #1273,289-335-4820,1330 S Service Rd; QEW Exit 78,Stoney Creek,ON,L8E 5C5,CAN,
71,71,-79.639189,43.769937,Costco - NW Vaughan; Gas; #1261,289-459-0921,55 New Huntington Rd,Vaughan,ON,L4L 0S8,CAN,
72,72,-76.85179699999998,38.923783,Costco - Woodmore Towne Ctr; Gas; #1078,301-341-6740,2400 Five Lees Ln,Glenarden,MD,20706,USA,
73,73,-76.872485,38.670319,Costco - Brandywine; Gas; #1039,301-372-3200,16006 Crain Hwy,Brandywine,MD,20613,USA,
74,74,-77.21449100000002,39.155967,Costco - Gaithersburg; #0213,301-417-1503,880 Russell Ave,Gaithersburg,MD,20879,USA,
75,75,-77.407533,39.401683,Costco - Frederick; Gas; #0330,301-644-1483,10 Monocacy Blvd,Frederick,MD,21704,USA,
76,76,-76.90826700000002,39.032484000000004,Costco - Beltsville; Gas; #0214,301-902-2643,10925 Baltimore Ave,Beltsville,MD,20705,USA,
77,77,-77.05497199999998,39.036784000000004,Costco - Wheaton; #1129,301-942-3200,11160 Veirs Mill Rd,Wheaton,MD,20902,USA,
78,78,-75.64755699999998,39.67775200000001,Costco - Christiana; #0246,302-894-0511,900 Center Blvd,Newark,DE,19702,USA,
79,79,-105.00814799999999,39.643831,Costco - Sheridan; Gas; #1027,303-200-1830,4000 River Point Pkwy,Sheridan,CO,80110,USA,
80,80,-105.08300200000001,39.790269,Costco - Arvada; Gas; #0676,303-463-3603,5195 Wadsworth Blvd; I-70 Exit 269,Arvada,CO,80002,USA,
81,81,-104.98326100000001,39.99149,Costco - Thornton; Gas; #0629,303-474-3255,16375 N Washington St; I-25 Exit 228 or 229,Thornton,CO,80023,USA,
82,82,-104.775951,39.555576,Costco - Parker; Gas; #1022,303-583-1937,18414 Cottonwood Dr; I-470 Exit 5,Parker,CO,80134,USA,
83,83,-105.066639,39.862390999999995,Costco - Westminster; Gas; #0440,303-650-1476,6400 W 92nd Ave,Westminster,CO,80030,USA,
84,84,-104.877403,39.557748,Costco - Douglas County; Gas; #0468,303-708-0012,8686 Park Meadows Center Dr,Littleton,CO,80124,USA,
85,85,-104.868706,39.690653999999995,Costco - Aurora; Gas; #0439,303-750-2116,1471 South Havana,Aurora,CO,80012,USA,
86,86,-105.01440500000001,39.709312,Business Center; #0650,303-830-4533,400 S Zuni St; I-25 Exit 207,Denver,CO,80223,USA,
87,87,-105.08653400000001,39.636904,Costco - SW Denver; Gas; #0443,303-933-4931,7900 W Quincy Ave,Littleton,CO,80123,USA,
88,88,-80.29903,25.923078,Costco - Miami Lakes; Gas; #0181,305-825-9818,16580 NW 59th Ave,Miami Lakes,FL,33014,USA,
89,89,-80.15411999999998,25.913716,Costco - North Miami; Gas; #1332,305-955-8711,14800 Sole Mia Way,North Miami,FL,33181,USA,
90,90,-80.41256,25.653246,Costco - Kendall; Gas; #1023,305-964-4227,13450 SW 120th Street,Miami,FL,33186,USA,
91,91,-104.509417,50.442856,Costco - Regina; Gas; #1296,306-271-0912,2110 Anaquod Rd,Regina,SK,S4V 3T7,CAN,
92,92,-106.530491,52.090901,Costco - South Saskatoon; Gas; #1234,306-700-2883,225 Market Dr,Saskatoon,SK,S7V 0L2,CAN,
93,93,-106.67489099999999,52.19415,Costco - Saskatoon; Gas; #0152,306-933-4262,115 Marquis Drive,Saskatoon,SK,S7R 1C7,CAN,
94,94,-89.583497,40.672382,Costco - East Peoria; Gas; #1126,309-427-2930,301 West Washington,East Peoria,IL,61611,USA,
95,95,-118.342576,33.918618,Business Center; Gas/Diesel; #0564,310-220-8826,12530 Praire Ave,Hawthorne,CA,90250,USA,
96,96,-118.333785,33.943286,Costco - Inglewood; Gas; #0769,310-242-2777,3560 West Century Blvd,Inglewood,CA,90303,USA,
97,97,-118.373465,33.899815999999994,Costco - Hawthorne; Gas; #0671,310-727-0403,14501 Hindry Ave; I-405 Exit 43,Hawthorne,CA,90250,USA,
98,98,-118.447453,33.993031,Costco - Culver City; Gas; #0479,310-754-2003,13463 Washington Blvd,Marina del Rey,CA,90292,USA,
99,99,-118.334226,33.80822,Costco - Torrance; Gas/Diesel; #1202,310-891-1020,2640 Lomita Blvd,Torrance,CA,90505,USA,
100,100,-87.66686999999996,41.86271,Costco - Chicago South Loop; Gas; #1107,312-492-3600,1430 S Ashland Ave,Chicago,IL,60608,USA,
101,101,-90.338503,38.508146,Costco - South St Louis; Gas; #0368,314-894-7953,4200 Rusty Rd,St Louis,MO,63128,USA,
102,102,-76.270593,43.056499,Costco - Syracuse; Gas; #1176,315-883-2361,120 Township Blvd,Camillus,NY,13031,USA,
103,103,-97.22403,37.679637,Costco - Wichita; Gas/Diesel; #1200,316-226-7142,9700 E Kellog; I-35 Exit 50,Wichita,KS,67207,USA,
104,104,-86.088636,39.637539000000004,Costco - South Indianapolis; Gas/Diesel; #1227,317-360-7076,4628 E County Line Rd; I-65 Exit 101,Indianapolis,IN,46237,USA,
105,105,-86.22658100000002,39.91752,Costco - Fortune Park; Gas/Diesel; #0347,317-532-1608,9010 Michigan Rd; I-465 Exit 27,Indianapolis,IN,46268,USA,
106,106,-86.061667,39.913664000000004,Costco - Castleton; Gas; #0346,317-558-1453,6110 East 86th; I-405 Exit 35,Castleton,IN,46250,USA,
107,107,-91.617249,41.69748,Costco - Coralville; Gas; #1111,319-545-3200,2900 Heartland Dr; I-80 Exit 240,Coralville,IA,52241,USA,
108,108,-94.198622,45.547779,Costco - St Cloud; Gas; #1344,320-316-9865,3636 2nd St S,St Cloud,MN,56301,USA,
109,109,-118.26396499999998,34.129009,Costco - Los Feliz; #0130,323-644-5201,2901 Los Feliz Blvd; I-5 Exit 141,Los Angeles,CA,90039,USA,
110,110,-118.14126200000001,33.994516,Business Center; Gas; #0569,323-767-2640,6333 Telegraph Rd; I-5 Exit 128,Commerce,CA,90040,USA,
111,111,-118.103251,34.037264,Costco - Monterey Park; Gas; #1318,323-890-1904,2000 Markey Place Dr,Monterey Park,CA,91755,USA,
112,112,-81.50670600000002,41.263626,Costco - Boston Heights; Gas/Diesel; #1226,330-341-7008,6720 Bass Pro Dr; I-80 Exit 180,Boston Heights,OH,44236,USA,
113,113,-86.150351,32.364358,Costco - Montgomery; Gas; #1009,334-270-7460,8251 Eastchase Pkwy; I-85 Exit 11,Montgomery,AL,36117,USA,
114,114,-79.883605,36.057402,Costco - Greensboro; Gas; #0339,336-291-4013,4201 West Wendover Ave,Greensboro,NC,27407,USA,
115,115,-80.317767,36.064301,Costco - Winston-Salem; Gas; #0361,336-970-2303,1085 Hanes Mall Blvd,Winston Salem,NC,27103,USA,
116,116,-92.04356899999999,30.156278000000004,Costco - Lafayette; Gas/Diesel; #1201,337-541-7025,201 Meadow Farm Rd,Lafayette,LA,70508,USA,
117,117,-122.47229399999999,45.622389,Costco - East Vancouver; Gas; #1086,360-258-6221,19610 SE 1st Street,Vancouver,WA,98607,USA,
118,118,-122.915908,46.996217,Costco - Tumwater; Gas; #0064,360-357-9743,5500 Littlerock Rd SW; I-5 Exit 102,Tumwater,WA,98512,USA,
119,119,-123.125421,48.077069,Costco - Sequim; Gas; #0104,360-406-2023,955 W Washington St,Sequim,WA,98382,USA,
120,120,-122.76050500000001,47.06002,Costco - Lacey; Gas/Diesel; #0740,360-412-3500,1470 Marvin Rd NE; I-5 Exit 111,Lacey,WA,98516,USA,
121,121,-122.191152,48.147558000000004,Costco - Marysville; Gas; #0642,360-652-4530,16616 Twin Lakes Ave; I-5 Exit 206,Marysville,WA,98271,USA,
122,122,-122.51480900000001,48.791767,Costco - Bellingham; Gas/Diesel; #1216,360-671-6947,4125 Arctic Ave; I-5 Exit 257/258,Bellingham,WA,98226,USA,
123,123,-122.68118999999999,47.656953,Costco - Silverdale; Gas/Diesel; #0013,360-692-1140,10000 Mickelberry Rd NW,Silverdale,WA,98383,USA,
124,124,-122.33696,48.454334,Costco - Burlington; Gas; #0662,360-757-5703,1725 S Burlington Blvd,Burlington,WA,98233,USA,
125,125,-122.60376200000002,45.685485,Costco - Vancouver; Gas/Diesel; #0772,360-828-2262,6720 NE 84th Street,Vancouver,WA,98665,USA,
126,126,-73.384357,45.503638,Costco - St Hubert; Gas/Diesel; #1359,379-314-0046,1000 Boul Saint-Bruno,Saint-Bruno,QC,J3V 6P4,CAN,
127,127,-96.110247,41.177821,Costco - La Vista; Gas/Diesel; #1237,402-378=5622,12515 Portside Pkwy,La Vista,NE,68128,USA,
128,128,-96.10506600000001,41.265701,Costco - Omaha; Gas; #1012,402-952-3240,12300 West Dodge Rd,Omaha,NE,68154,USA,
129,129,-113.98863999999999,51.078829999999996,Costco - North Calgary; #0056,403-299-1620,2853 32nd Street NE,Calgary,AB,T1Y 6T7,CAN,
130,130,-114.044867,50.98953,Costco - South Calgary; Gas; #0251,403-313-7650,99 Heritage Gate SE,Calgary,AB,T2H 3A7,CAN,
131,131,-112.794871,49.660711,Costco - Lethbridge; Gas; #0160,403-320-8903,3200 Mayor Magrath Drive South,Lethbridge,AB,T1K 6Y6,CAN,
132,132,-113.802295,52.266740999999996,Costco - Red Deer; Gas; #0164,403-340-1924,162 Leva Ave; Hwy 2 Exit 391,Red Deer,AB,T4E 1B9,CAN,
133,133,-114.16206000000001,51.15717,Costco - NW Calgary; Gas; #0543,403-516-3701,11588 Sarcee Trail NW; Hwy 201 Exit 46,Calgary,AB,T3R 0A1,CAN,
134,134,-113.984357,51.210648,Costco - Rocky View; Gas; #1076,403-516-5052,300-293020 Crossiron Blvd; Hwy 2 Exit 275,Rocky View,AB,T4A 0J6,CAN,
135,135,-110.73263200000001,50.062658,Costco - Medicine Hat; Gas; #0593,403-581-5702,2350 Box Springs Blvd NW,Medicine Hat,AB,T1C 0C8,CAN,
136,136,-113.94888999999999,50.70502000000001,Costco - Okotoks; Gas; #1069,403-995-5150,202-104 Southbank Blvd,Okotoks,AB,T1S 0G1,CAN,
137,137,-84.336724,33.872188,Costco - Brookhaven; Gas; #1084,404-460-1915,500 Brookhaven Ave,Atlanta,GA,30319,USA,
138,138,-97.531028,35.605063,Costco - Oklahoma City; Gas; #1350,405-832-5110,13200 N Western Ave,Oklahoma City,OK,73114,USA,
139,139,-112.002503,46.615453,Costco - Helena; Gas; #0633,406-495-7050,2195 E Custer Ave,Helena,MT,59602,USA,
140,140,-114.037797,46.894403999999994,Costco - Missoula; Gas; #0067,406-543-6445,3220 N Reserve St,Missoula,MT,59808,USA,
141,141,-111.07065300000001,45.71334,Costco - Bozeman; Gas; #0096,406-585-0383,2505 Catron St; I-90 Exit 305,Bozeman,MT,59718,USA,
142,142,-108.57290800000001,45.75336,Costco - Billings; Gas/Diesel; #0069,406-652-8765,2290 King Ave West,Billings,MT,59102,USA,
143,143,-114.33241899999999,48.234601,Costco - kalispell; Gas; #0745,406-758-2500,2330 Hwy 93 N,Kalispell,MT,59901,USA,
144,144,-81.424902,28.495409000000002,Costco South Orlando; Gas; #1235,407-586-7221,4696 Gardens Park Blvd,Orlando,FL,32839,USA,
145,145,-81.300069,28.599535999999997,Costco - East Orlando; Gas; #0185,407-681-2119,3333 University Blvd,Winter Park,FL,32792,USA,
146,146,-81.417349,28.660994,Costco - Altamonte Springs; Gas; #0183,407-786-7802,741 Orange Ave; I-4 Exit 92,Altamonte Springs,FL,32714,USA,
147,147,-121.851795,37.309751,Costco - San Jose; Gas; #0148,408-275-0199,2201 Senter Rd,San Jose,CA,95112,USA,
148,148,-121.99466799999999,37.372026,Costco - Sunnyvale; Gas; #0423,408-470-8000,150 Lawrence Station Rd; Hwy 101 Exit 394,Sunnyvale,CA,94086,USA,
149,149,-121.938725,37.35726500000001,Costco - Santa Clara; Gas; #0129,408-567-9000,1601 Coleman Ave,Santa Clara,CA,95050,USA,
150,150,-121.88416699999999,37.390484,Costco - NE San Jose; Gas; #1004,408-678-2150,1709 Automation Pkwy; I-680 Exit 5,San Jose,CA,95131,USA,
151,151,-121.879999,37.253214,Costco - Almaden; #0470,408-723-0964,5301 Almaden Expressway; Hwy 85 Exit 5,San Jose,CA,95118,USA,
152,152,-121.556611,37.008381,Costco - Gilroy; Gas; #0760,408-848-0700,7251 Camino Arroyo; Hwy 101 Exit 356,Gilroy,CA,95020,USA,
153,153,-121.78469,37.243210999999995,Costco - Great Oaks; Gas/Diesel; #1267,408-908-7929,6898 Raleigh Rd,San Jose,CA,95119,USA,
154,154,-76.730744,39.15582,Costco - Arundel Mills; Gas; #0325,410-379-3103,7077 Arundel Mills Cir,Hanover,MD,21076,USA,
155,155,-76.793645,39.186369,Costco - Columbia; Gas; #1000,410-423-4052,6675 Marie Curie Dr,Elkridge,MD,21075,USA,
156,156,-76.444935,39.357858,Costco - White Marsh; Gas; #0208,410-574-7563,9919 Pulaski Hwy,Baltimore,MD,21220,USA,
157,157,-76.60042,39.196360999999996,Costco - Glen Burnie; Gas; #0203,410-590-8603,575 East Ordnance Rd,Glen Burnie,MD,21060,USA,
158,158,-79.92174399999998,40.402736,Costco - Homestead; Gas; #0649,412-205-1002,501 W Waterfront Dr W,Homestead,PA,15120,USA,
159,159,-80.165628,40.45959600000001,Costco - Robinson; Gas; #0332,412-490-2204,202 Costco Dr,Pittsburgh,PA,15205,USA,
160,160,-72.620777,42.1317,Costco - West Springfield; Gas; #0302,413-747-5518,119 Daggett Dr; I-91 Exit 13,West Springfield,MA,01089,USA,
161,161,-122.410808,37.770711999999996,Costco - San Francisco; #0144,415-626-4388,450 10th Street,San Francisco,CA,94103,USA,
162,162,-122.55063799999999,38.087262,Costco - Novato; #0141,415-899-1332,300 Vintage Way; Hwy 101 Exit 460/462,Novato,CA,94945,USA,
163,163,-79.507102,43.623238,Costco - Etobicoke; Gas; #0524,416-251-2832,50 Queen Elizabeth Blvd,Etobicoke,ON,M8Z 1M1,CAN,
164,164,-79.296688,43.759021999999995,Costco - Scarborough; Gas; #0537,416-288-0033,1411 Warden Ave,Scarborough,ON,M1R 2S3,CAN,
165,165,-79.454842,43.730577000000004,Costco - Downsview; #0535,416-635-8175,100 Billy Bishop Way,North York,ON,M3K 2C8,CAN,
166,166,-71.268514,46.839492,Costco - Quebec; Gas; #0503,418-627-5100,440 rue Bouvier,Quebec,QC,G2J 1E3,CAN,
167,167,-71.32816700000002,46.780983,Costco - Sainte-Foy; Gas; #0516,418-656-0666,3233 rue Watt,Quebec,QC,G1X 4W2,CAN,
168,168,-71.084096,48.382756,Costco - Chicoutimi; #0536,418-696-1112,2500 boul Talbot RR4,Chicoutimi,QC,G7H 5B1,CAN,
169,169,-71.270739,46.727114,Costco - Levis; Gas; #1186,418-834-7100,1160 Rue de la Concorde,Levis,QC,G6W 0M4,CAN,
170,170,-83.626029,41.675652,Costco - Toledo; Gas/Diesel; #1007,419-381-5000,3405 West Central Ave,Toledo,OH,43606,USA,
171,171,-122.052198,47.550672999999996,Costco - Issaquah; Gas; #0110,425-313-0965,1801 10th Avenue NW,Issaquah,WA,98027,USA,
172,172,-74.67451899999998,40.262538,Costco - Princeton; Gas; #1199,425-313-8100,4100 Quakerbridge Rd,Lawrence Twn,NJ,08648,USA,
173,173,-122.21016999999999,47.903571,Costco - Everett; Gas; #0114,425-379-7451,10200 19th Avenue SE,Everett,WA,98208,USA,
174,174,-122.08962199999999,47.677219,Costco - Redmond; Gas/Diesel; #1225,425-406-5382,7725 188th Ave NE,Redmond,WA,98052,USA,
175,175,-122.30983799999998,47.825866,Business Center; Gas; #0115,425-640-7700,19105 Hwy-99,Lynnwood,WA,98036,USA,
176,176,-122.27341399999999,47.832634999999996,Costco - Lynwood; Gas/Diesel; #1190,425-697-1062,18109 33rd Ave W,Lynnwood,WA,98037,USA,
177,177,-122.14753200000001,47.780167,Costco - Woodinville; Gas/Diesel; #0747,425-806-7700,24008 Snohomish-Woodinville Rd SE,Woodinville,WA,98072,USA,
178,178,-122.181657,47.680819,Costco - Kirkland; Gas; #0008,425-827-1693,8629 120th Avenue NE; I-405 Exit 18,Kirkland,WA,98033,USA,
179,179,-78.490575,38.065549,Costco - Charlottesville; Gas/Diesel; #1184,434-328-7023,3171 District Ave,Charlottesville,VA,22901,USA,
180,180,-113.52351100000001,37.12246500000001,Costco - St George; Gas/Diesel; #0672,435-256-0003,835 North 3050 East,St George,UT,84790,USA,
181,181,-81.446493,41.524267,Costco - Mayfield Heights; Gas; #0344,440-544-1350,1409 Golden Gate Blvd; I-271 Exit 34,Cleveland,OH,44124,USA,
182,182,-81.815714,41.317393,Costco - Strongsville; Gas; #0625,440-783-3415,16690 Royalton Rd; I-71 Exit 231,Strongsville,OH,44136,USA,
183,183,-82.011715,41.459832,Costco - Avon; Gas; #0343,440-930-0103,35804 Detroit Rd,Avon,OH,44011,USA,
184,184,-76.787027,39.404556,Costco - Owings Mills; Gas; #1326,443-501-7043,10270 Mill Run Circle; I-795 Exit 4,Owings Mills,MD,21117,USA,
185,185,-73.850055,45.631536,Costco - Boisbriand; #0521,450-420-4500,3600 Ave Des Grandes Tourelles,Boisbriand,QC,J7H 0A1,CAN,
186,186,-73.51672099999998,45.37101,Costco - Candiac; Gas; #0556,450-444-3453,60 rue Strasbourg,Candiac,QC,J5R 0B4,CAN,
187,187,-73.479073,45.434095,Costco - Brossard; Gas; #0521,450-444-4466,9430 boul Taschereau,Brossard,QC,J4X 2W2,CAN,
188,188,-74.01786,45.76488,Costco - St Jerome; Gas; #0529,450-476-9000,1001 boul Jean-Baptiste-Rolland,Saint-Jerome,QC,J7Z 5T6,CAN,
189,189,-74.038984,45.414795,Costco - Vaudreuil; Gas/Diesel; #1213,450-510-8945,22400 Chemin Dumberry,Vaudreuil-Dorion,QC,J7V 0M8,CAN,
190,190,-73.40544,45.57533,Costco - Boucherville; Gas; #0532,450-645-2632,635 Chemin de Touraine,Boucherville,QC,J4B 5E4,CAN,
191,191,-73.50643199999998,45.721102,Costco - Terrebonne; Gas; #0525,450-657-4353,870 montÃÂÃÂÃÂÃÂÃÂÃÂÃÂÃÂÃÂÃÂÃÂÃÂÃÂÃÂÃÂÃÂÃÂÃÂÃÂÃÂÃÂÃÂÃÂÃÂÃÂÃÂÃÂÃÂÃÂÃÂÃÂÃÂÃÂÃÂÃÂÃÂÃÂÃÂÃÂÃÂÃÂÃÂÃÂÃÂÃÂÃÂÃÂÃÂÃÂÃÂÃÂÃÂÃÂÃÂÃÂÃÂÃÂÃÂÃÂÃÂÃÂÃÂÃÂÃÂÃÂÃÂÃÂÃÂÃÂÃÂÃÂÃÂÃÂÃÂÃÂÃÂÃÂÃÂÃÂÃÂÃÂÃÂÃÂÃÂÃÂÃÂÃÂÃÂÃÂÃÂÃÂÃÂÃÂÃÂÃÂÃÂÃÂÃÂÃÂÃÂÃÂÃÂÃÂÃÂÃÂÃÂÃÂÃÂÃÂÃÂÃÂÃÂÃÂÃÂÃÂÃÂÃÂÃÂÃÂÃÂÃÂÃÂÃÂÃÂÃÂÃÂÃÂÃÂÃÂÃÂÃÂÃÂÃÂÃÂÃÂÃÂÃÂÃÂÃÂÃÂÃÂÃÂÃÂÃÂÃÂÃÂÃÂÃÂÃÂÃÂÃÂÃÂÃÂÃÂÃÂÃÂÃÂÃÂÃÂÃÂÃÂÃÂÃÂÃÂÃÂÃÂÃÂÃÂÃÂÃÂÃÂÃÂÃÂÃÂÃÂÃÂÃÂÃÂÃÂÃÂÃÂÃÂÃÂÃÂÃÂÃÂÃÂÃÂÃÂÃÂÃÂÃÂÃÂÃÂÃÂÃÂÃÂÃÂÃÂÃÂÃÂÃÂÃÂÃÂÃÂÃÂÃÂÃÂÃÂÃÂÃÂÃÂÃÂÃÂÃÂÃÂÃÂÃÂÃÂÃÂÃÂÃÂÃÂÃÂÃÂÃÂÃÂÃÂÃÂÃÂÃÂÃÂÃÂÃÂÃÂÃÂÃÂÃÂÃÂÃÂÃÂÃÂÃÂÃÂÃÂÃÂÃÂÃÂÃÂÃÂÃÂÃÂÃÂÃÂÃÂÃÂ©e des Pionniers,Terrebonne,QC,J6V 1N9,CAN,
192,192,-73.757164,45.57330200000001,Costco - Laval; Gas; #0505,450-686-7420,2999 Autoroute Laval (440 Ouest),Laval,QC,H7P 5P4,CAN,
193,193,-96.837102,33.171763,Costco - Frisco; Gas; #1097,469-200-7107,11220 Dallas Pkwy,Frisco,TX,75033,USA,
194,194,-96.90954,32.621583,Costco - Duncanville; Gas; #0636,469-221-8113,250 West Hwy-67,Duncanville,TX,75137,USA,
195,195,-96.65714100000001,33.218108,Costco - Mckinney; Gas; #1030,469-347-6421,3650 W University Dr,McKinney,TX,75071,USA,
196,196,-96.763275,32.870740999999995,Business Center; #0655,469-498-6623,8282 Park Ln,Dallas,TX,75231,USA,
197,197,-96.76818809999999,32.919125,Costco - Dallas; Gas; #1266,469-680-7546,8055 Churchill Way,Dallas,TX,75251,USA,
198,198,-96.963593,32.99835,Costco - Lewisville; Gas; #0683,469-948-1026,851 SH 121; I-35E Exit 447/448,Lewisville,TX,75067,USA,
199,199,-84.115514,34.211457,Costco - Cumming; Gas; #1175,470-239-6610,1211 Bald Ridge Marina Rd,Cumming,GA,30041,USA,
200,200,-111.840433,33.376298999999996,Costco - Gilbert; Gas; #0481,480-293-0053,1415 N Arizona Ave; Hwy 60 Exit 179,Gilbert,AZ,85233,USA,
201,201,-112.12793799999999,33.492157,Business Center; Gas/Diesel; #0827,480-293-2123,3801 N 33rd Ave; I-17 Exit 202,Phoenix,AZ,85017,USA,
202,202,-111.986626,33.604147999999995,Costco - Paradise Valley; Gas; #1058,480-308-7044,4570 E Cactus Rd,Phoenix,AZ,85032,USA,
203,203,-111.669376,33.388798,Costco - Mesa; Gas; #1028,480-333-6550,1444 S Sossaman Road; Hwy 60 Exit 189,Mesa,AZ,85209,USA,
204,204,-111.74498899999999,33.296136,Costco - SE Gilbert; Gas; #0644,480-366-3950,2887 S Market St,Gilbert,AZ,85295,USA,
205,205,-111.898873,33.293473,Costco - Chandler; Gas; #0736,480-375-2051,595 S Galleria Way; Hwy 202 Exit 50B,Chandler,AZ,85226,USA,
206,206,-112.02878899999999,33.67133,Costco - Cave Creek; Gas; #0738,480-375-2850,2450 E Beardsley Rd; Hwy 101 Exit 28,Phoenix,AZ,85050,USA,
207,207,-111.96185,33.34713,Costco - Tempe; Gas; #0436,480-496-6651,1445 W Elliot Rd; I-10 Exit 157,Tempe,AZ,85284,USA,
208,208,-111.90064699999999,33.62407,Costco - Scottsdaleo; Gas; #0427,480-948-5040,15255 N Hayden Rd; Hwy 101 Exit 38/39,Scottsdale,AZ,85260,USA,
209,209,-75.56749,40.565781,Costco - Allentown; Gas; #1211,484-273-7056,791 N Krocks Rd,Allentown,PA,18106,USA,
210,210,-85.573143,38.31633400000001,Costco - NE Louisville; Gas; #0634,502-420-0170,5020 Norton Healthcare Blvd; I-265 Exit 34,Louisville,KY,40241,USA,
211,211,-85.666174,38.204505,Costco - Louisville; Gas/Diesel; #1238,502-912-9877,3408 Bardstown Rd; I-264 Exit 16,Louisville,KY,40218,USA,
212,212,-122.524464,45.55945,Costco - Portland; Gas/Diesel; #0002,503-258-3700,4849 NE 138th Avenue,Portland,OR,97230,USA,
213,213,-123.913903,46.146914,Costco - Warrenton; Gas; #0102,503-338-4101,1804 SE Ensign Lane,Warrenton,OR,97146,USA,
214,214,-122.995395,44.919209,Costco - Salem; Gas; #0068,503-371-1729,1010 Hawthorne Ave SE,Salem,OR,97301,USA,
215,215,-122.758125,45.434841999999996,Costco - Tigard; Gas/Diesel; #0111,503-639-0811,7850 SW Dartmouth Ave,Tigard,OR,97223,USA,
216,216,-122.842331,45.508693,Costco - Aloha; Gas; #0009,503-644-7615,15901 SW Jenkins,Aloha,OR,97006,USA,
217,217,-122.93543799999999,45.536192,Costco - Hillsboro; Gas; #0692,503-681-2800,1255 NE 48th Avenue,Hillsboro,OR,97124,USA,
218,218,-122.575767,45.428779999999996,Costco - Clackamas; Gas; #0097,503-794-5500,13130 SE 84th Avenue,Clackamas,OR,97015,USA,
219,219,-122.763322,45.332652,Costco - Wilsonville; Gas; #0766,503-825-4003,25900 SW Heather Pl; I-5 Exit 286,Wilsonville,OR,97070,USA,
220,220,-90.11134399999999,29.968244,Costco - New Orleans; Gas; #1147,504-484-5220,3900 Dublin St; I-10 Exit 232,New Orleans,LA,70118,USA,
221,221,-106.52991999999999,35.068428999999995,Costco - SE Albuquerque; Gas; #0667,505-332-6603,500 Eubank Blvd SE,Albuquerque,NM,87123,USA,
222,222,-106.613754,35.13664,Costco - Albuquerque; Gas; #0116,505-342-7160,1420 Renaissance Blvd NE,Albuquerque,NM,87107,USA,
223,223,-106.66206299999999,35.195646,Costco - NW Albuquerque; Gas; #1016,505-922-7400,9955 Coors Blvd Bypass NW,Albuquerque,NM,87114,USA,
224,224,-64.780004,46.129784,Costco - Moncton; Gas; #0538,506-317-0423,140 Granite Dr; Trans-Canadan Exit 459,Moncton,NB,E1H 0K6,CAN,
225,225,-66.661928,45.928946,Costco - Fredericton; Gas; #1090,506-460-4100,25 Wayne Squibb Blvd,Fredericton,NB,E3C 0G8,CAN,
226,226,-66.02678,45.3049,Costco - St John; #1055,506-635-5300,300 Retail Dr,Saint John,NB,E2J 2R2,CAN,
227,227,-92.520854,44.052096,Costco - Rochester; Gas; #1125,507-286-1860,2020 Commerce Dr NW,Rochester,MN,55901,USA,
228,228,-71.066117,42.137382,Costco - Avon; #0303,508-232-4000,120 Stockwell Dr; Hwy 24 Exit 19,Avon,MA,02322,USA,
229,229,-120.500219,46.562265000000004,Costco - Union Gap; Gas; #0062,509-454-5240,2310 Longfibre Rd,Union Gap,WA,98903,USA,
230,230,-117.390253,47.760766,Costco - North Spokane; Gas; #1298,509-466-9668,12020 N Newport Hwy,Spokane,WA,99218,USA,
231,231,-119.23485,46.225851,Costco - Kennewick; Gas; #0486,509-737-8861,8505A W Gage Blvd,Kennewick,WA,99336,USA,
232,232,-117.043462,46.423513,Costco - Clarkston; Gas/Diesel; #0103,509-758-1800,301 5th St,Clarkston,WA,99403,USA,
233,233,-117.33285,47.658359999999995,Costco - Spokane; Gas; #0670,509-842-0003,5601 East Sprague Ave,Spokane,WA,99212,USA,
234,234,-120.28008200000001,47.401579999999996,Costco - Wenatchee; Gas; #0112,509-886-0593,375 Highline Dr,East Wenatchee,WA,98802,USA,
235,235,-122.10278000000001,37.667516,Business Center; #1061,510-259-6600,22330 Hathaway Ave; I-880 Exit 29,Hayward,CA,94541,USA,
236,236,-122.181804,37.720511,Costco - San Leandro; Gas; #0118,510-562-6708,1900 Davis St; I-880 Exit 34,San Leandro,CA,94577,USA,
237,237,-121.973307,37.50183,Costco - Fremont; Gas; #0778,510-897-1091,43621 Pacific Commons Blvd; I-880 Exit 15,Fremont,CA,94538,USA,
238,238,-122.322617,37.898005,Costco - Richmond; Gas; #0482,510-898-2003,4801 Central Ave; I-580 Exit 14,Richmond,CA,94804,USA,
239,239,-122.08880500000001,37.615927,Costco - Hayward; Gas; #1061,510-921-3126,28505 Hesperian Blvd; I-880 Exit 25,Hayward,CA,94545,USA,
240,240,-97.842625,30.219083,Costco - South Austin; #0641,512-382-3011,4301 W William Cannon Dr,Austin,TX,78749,USA,
241,241,-97.743685,30.39672100000001,Costco - Austin; Gas; #0681,512-634-2250,10401 Research Blvd,Austin,TX,78759,USA,
242,242,-97.819136,30.527321,Costco - Cedar Park; Gas; #1152,512-690-9059,4601 183A Toll Rd,Cedar Park,TX,78613,USA,
243,243,-84.451021,39.288171999999996,Costco - Springdale; Gas; #0379,513-346-7943,1100 East Kemper Rd,Springdale,OH,45246,USA,
244,244,-84.30292800000002,39.295921,Costco - Deerfield; Gas; #0384,513-774-0024,9691 Waterstone Blvd,Cincinnati,OH,45249,USA,
245,245,-73.660251,45.535565999999996,Costco - Marche Central; #0527,514-381-1251,1015 rue du MarchÃÂÃÂÃÂÃÂÃÂÃÂÃÂÃÂÃÂÃÂÃÂÃÂÃÂÃÂÃÂÃÂÃÂÃÂÃÂÃÂÃÂÃÂÃÂÃÂÃÂÃÂÃÂÃÂÃÂÃÂÃÂÃÂÃÂÃÂÃÂÃÂÃÂÃÂÃÂÃÂÃÂÃÂÃÂÃÂÃÂÃÂÃÂÃÂÃÂÃÂÃÂÃÂÃÂÃÂÃÂÃÂÃÂÃÂÃÂÃÂÃÂÃÂÃÂÃÂÃÂÃÂÃÂÃÂÃÂÃÂÃÂÃÂÃÂÃÂÃÂÃÂÃÂÃÂÃÂÃÂÃÂÃÂÃÂÃÂÃÂÃÂÃÂÃÂÃÂÃÂÃÂÃÂÃÂÃÂÃÂÃÂÃÂÃÂÃÂÃÂÃÂÃÂÃÂÃÂÃÂÃÂÃÂÃÂÃÂÃÂÃÂÃÂÃÂÃÂÃÂÃÂÃÂÃÂÃÂÃÂÃÂÃÂÃÂÃÂÃÂÃÂÃÂÃÂÃÂÃÂÃÂÃÂÃÂÃÂÃÂÃÂÃÂÃÂÃÂÃÂÃÂÃÂÃÂÃÂÃÂÃÂÃÂÃÂÃÂÃÂÃÂÃÂÃÂÃÂÃÂÃÂÃÂÃÂÃÂÃÂÃÂÃÂÃÂÃÂÃÂÃÂÃÂÃÂÃÂÃÂÃÂÃÂÃÂÃÂÃÂÃÂÃÂÃÂÃÂÃÂÃÂÃÂÃÂÃÂÃÂÃÂÃÂÃÂÃÂÃÂÃÂÃÂÃÂÃÂÃÂÃÂÃÂÃÂÃÂÃÂÃÂÃÂÃÂÃÂÃÂÃÂÃÂÃÂÃÂÃÂÃÂÃÂÃÂÃÂÃÂÃÂÃÂÃÂÃÂÃÂÃÂÃÂÃÂÃÂÃÂÃÂÃÂÃÂÃÂÃÂÃÂÃÂÃÂÃÂÃÂÃÂÃÂÃÂÃÂÃÂÃÂÃÂÃÂÃÂÃÂÃÂÃÂÃÂÃÂÃÂÃÂÃÂÃÂÃÂÃÂÃÂ© Central,Montreal,QC,H4N 3J4,CAN,
246,246,-73.81791,45.47097,Costco - Pointe Claire; #0528,514-426-5052,5701 Aut Transcanadienne,Pointe-Claire,QC,H9R 1B7,CAN,
247,247,-73.584967,45.609253,Costco - Anjou; Gas; #0506,514-493-4814,7373 Rue Bombardier,Anjou,QC,H1J 2V2,CAN,
248,248,-73.552587,45.486109,Costco - Montreal; Gas; #0515,514-938-5170,300 Rue Bridge,Montreal,QC,H3K 2C3,CAN,
249,249,-93.805066,41.56272,Costco - West Des Moines; Gas; #0788,515-222-2921,7205 Mills Civic Pkwy; I-35 Exit 70,West Des Moines,IA,50266,USA,
250,250,-73.652807,40.620227,Costco - Oceanside; Gas; #1215,516-259-7002,3705 Hampton Rd,Oceanside,NY,11572,USA,
251,251,-73.740239,40.63037,Costco - Lawrence; #0310,516-371-2017,605 Rockaway Turnpike,Lawrence,NY,11559,USA,
252,252,-73.598376,40.744071999999996,Costco - Westbury; #0226,516-683-8300,1250 Old Country Rd,Westbury,NY,11590,USA,
253,253,-84.442275,42.752712,Costco -East Lansing; Gas; #1277,517-903-5000,2540 E Saginaw Hwy,East Lansing,MI,48823,USA,
254,254,-81.293356,42.987548,Costco - North London; Gas; #0530,519-474-5300,693 Wonderland Road North,London,ON,N6H 4L1,CAN,
255,255,-80.39276,43.40661,Costco - Kitchener; #0512,519-650-2220,4438 King Ste,Kitchener,ON,N2P 2G4,CAN,
256,256,-81.21089,42.91875,Costco - Westminster; #0508,519-680-0940,4313 Wellington Road South,London,ON,N6E 2Z8,CAN,
257,257,-80.294832,43.52272,Costco - Guelph; Gas; #1168,519-780-5700,19 Elmira Rd S,Guelph,ON,N1K 0B6,CAN,
258,258,-82.96559599999998,42.254776,Costco - Windsor; Gas; #0534,519-972-1899,4411 Walker Rd,Windsor,ON,N8W 3T6,CAN,
259,259,-110.946766,32.179971,Costco - SW Tucson; Gas; #1079,520-791-7340,1650 E Tucson Marketplace; I-10 Exit 261,Tuscon,AZ,85713,USA,
260,260,-111.04966,32.326112,Costco - NW Tucson; Gas; #0431,520-797-1980,3901 W Costco Dr; I-10 Exit 250,Tucson,AZ,85741,USA,
261,261,-110.85981299999999,32.251294,Costco - Tucson; Gas; #0407,520-886-6376,6255 East Grant Rd,Tucson,AZ,85712,USA,
262,262,-122.344951,40.586359,Costco - Redding; #0133,530-222-0199,1300 Dana Drive,Redding,CA,96003,USA,
263,263,-121.81136399999998,39.721196,Costco - Chico; Gas; #1011,530-332-1740,2100 Dr MLK Pkwy; Hwy 99 Exit 384,Chico,CA,95928,USA,
264,264,-121.72218899999999,38.672585,Costco - Woodland; Gas; #1003,530-406-2120,2299 Bronze Star Dr; I-5 Exit 536,Woodland,CA,95776,USA,
265,265,-96.698022,40.739443,Costco - Lincoln; Gas/Diesel; #1285,531-333-7559,1620 Pine Lake Rd,Lincoln,NE,68512,USA,
266,266,-78.85735600000002,38.427387,Costco - Harrisonburg; Gas; #0238,540-432-8989,1830 Reservoir St,Harrisonburg,VA,22801,USA,
267,267,-78.15554399999998,39.157633000000004,Costco - Winchester; Gas; #0239,540-722-7420,251 Front Royal Pike,Winchester,VA,22602,USA,
268,268,-77.515922,38.294539,Costco - Fredericksburg; Gas; #0340,540-785-1163,3102 Plank Rd,Fredericksburg,VA,22407,USA,
269,269,-123.34980700000001,43.259358,Costco - Roseburg; Gas; #1073,541-378-0020,4141 NE Stephens,Roseburg,OR,97470,USA,
270,270,-121.26761599999999,44.057266999999996,Costco - Bend; #0101,541-383-2299,2500 NE Hwy-20,Bend,OR,97701,USA,
271,271,-122.888314,42.374415,Costco - Central Point; Gas/Diesel; #1287,541-630-7004,3075 Hamrick Rd,Central Point,OR,97502,USA,
272,272,-123.064578,44.089282,Costco - Eugene; Gas; #0017,541-683-8126,2828 Chad Dr,Eugene,OR,97408,USA,
273,273,-123.065067,44.63864,Costco - Albany; Gas; #0682,541-918-7040,3130 Killdeer Ave,Albany,OR,97321,USA,
274,274,-119.874082,36.809907,Costco - Fresno; Gas; #0031,559-271-6511,4500 W Shaw Ave; Hwy 99 Exit 140,Fresno,CA,93722,USA,
275,275,-119.70065,36.806001,Costco - Clovis; Gas; #1360,559-291-3377,2270 Clovis Ave,Clovis,CA,93612,USA,
276,276,-119.787951,36.839631,Costco - North Fresno; Gas/Diesel; #0657,559-437-3643,7100 N Abby St; Hwy 41 Exit 134,Fresno,CA,93720,USA,
277,277,-119.50206000000001,36.328655,Costco - Hanford; Gas/Diesel; #1244,559-670-6008,2395 E Lacey Blvd,Hanford,CA,93230,USA,
278,278,-119.306547,36.29282,Costco - Visalia; Gas/Diesel; #1017,559-735-2400,1405 W Cameron Ave,Visalia,CA,93277,USA,
279,279,-80.07109399999999,26.588488,Costco - Lantana; Gas; #0180,561-533-0958,1873 Lantana Rd; I-95 Exit 61,Lantana,FL,33462,USA,
280,280,-80.087587,26.807198,Costco - Palm Beach gardens; #0093,561-776-3052,3250 Northlake Blvd; I-95 Exit 77,Palm Beach Gardens,FL,33403,USA,
281,281,-80.221067,26.683311,Costco - Royal palm Beach; Gas; #0623,561-803-8830,11001 Southern Blvd,Royal Palm Beach,FL,33411,USA,
282,282,-80.100373,26.412806,Costco - Boca Raton; Gas; #0345,561-981-5004,17800 Congress Ave,Boca Raton,FL,33487,USA,
283,283,-118.13675400000001,33.8505,Costco - Lakewood; Gas; #1050,562-295-1506,340 Lakewood Center Mall,Lakewood,CA,90712,USA,
284,284,-118.16474,33.803265,Costco - Signal Hill; Gas; #0424,562-427-2537,2200 East Willow St; I-405 Exit 29,Signal Hill,CA,90755,USA,
285,285,-117.9687,33.933034,Costco - La Habra; Gas; #0777,562-524-0001,101 N Beach Blvd,La Habra,CA,90631,USA,
286,286,-118.039464,33.804531,Costco - Cypress; Gas; #0748,562-668-5152,5401 Katella Ave; I-605 Exit 1,Cypress,CA,90720,USA,
287,287,-118.10231100000001,33.919881,Costco - Norwalk; Gas/Diesel; #0410,562-929-0826,12324 Hoxie Ave; I-605 Exit 9 or 10,Norwalk,CA,90650,USA,
288,288,-90.533227,41.575965999999994,Costco - Davenport; Gas; #1325,563-893-7004,2790 E 53rd St; I-74 Exit 1,Davenport,IA,52807,USA,
289,289,-83.63444100000002,41.543933,Costco - Perrysburg; Gas/Diesel; #1194,567-368-6000,26400 Dixie Hwy; I-475 Exit 2,Perrysburg,OH,43551,USA,
290,290,-77.089955,38.742554999999996,Costco - Mt Vernon; #1115,571-458-3500,7940 Richmond Hwy,Alexandria,VA,22306,USA,
291,291,-86.171755,41.71954,Costco - Mishawaka; Gas; #1183,574-401-7004,625 E University Dr,Granger,IN,46530,USA,
292,292,-77.613867,43.114497,Costco - Rochester; Gas/Diesel; #1195,585-471-6906,335 Westfall Rd; I-590 Exit 16,Rochester,NY,14620,USA,
293,293,-82.93485799999998,42.495940000000004,Costco - Roseville; Gas/Diesel; #0394,586-447-0191,27118 Gratiot Ave 27118 Gratiot Ave,Roseville,MI,48066,USA,
294,294,-82.979754,42.630157000000004,Costco - Lakeside; Gas; #0374,586-580-2003,45460 Market Street,Shelby Township,MI,48315,USA,
295,295,-114.145197,50.936370000000004,Costco - SW Calgary; Gas; #1381,587-441-8180,12905 Buffalo Run Blvd,Tsuut'ina,AB,T3T 0E3,CAN,
296,296,-113.911809,51.04179,Costco - East Calgary; Gas/Diesel; #1217,587-470-4458,75 E Hills Blvd SE,Calgary,AB,T2A 6J8,CAN,
297,297,-90.14805600000001,32.422576,Costco - Ridgeland; Gas; #1366,601-499-8581,700 Highland Colony Pkwy; I-55 Exit 105,Ridgeland,MS,39157,USA,
298,298,-112.09518899999999,33.520692,Costco - Phoenix; Gas; #0665,602-293-4524,1646 W Montebello Ave; I-17 Exit 203,Phoenix,AZ,85015,USA,
299,299,-111.98514499999999,33.474271,Costco - Thomas Rd; Gas; #0465,602-808-0101,4502 East Oak St,Phoenix,AZ,85008,USA,
300,300,-71.44290500000002,42.702372,Costco - Nashua; #0307,603-888-3640,311 Daniel Webster Hwy,Nashua,NH,03060,USA,
301,301,-123.122824,49.19250200000001,Costco - Richmond; #0054,604-270-6523,9151 Bridgeport Road; Hwy 99 Exit 39,Richmond,BC,V6X 3L9,CAN,
302,302,-122.9189,49.25132,Costco - Burnaby; #0051,604-420-2338,3550 Brighton Avenue,Burnaby,BC,V5A 4W3,CAN,
303,303,-123.001236,49.261654,Costco - Willingdon; #0548,604-435-6695,4500 Still Creek Dr; Hwy 1 Exit 29,Burnaby,BC,V5C 0E5,CAN,
304,304,-122.65481100000001,49.119599,Costco - Langley; Gas; #0259,604-539-8902,20499 64th Ave,Langley,BC,V2Y 1N5,CAN,
305,305,-122.74518,49.25643400000001,Costco - Port Coquitlam; Gas; #0255,604-552-1158,2370 Ottawa St,Port Coquitlam,BC,V3B 7Z1,CAN,
306,306,-122.84572,49.13744000000001,Costco - Surrey; #0055,604-596-7435,7423 King George Highway,Surrey,BC,V3W 5A8,CAN,
307,307,-123.10878999999998,49.27861,Costco - Vancouver; #0552,604-622-5050,605 Expo Blvd,Vancouver,BC,V6B 1V4,CAN,
308,308,-122.266127,49.022821,Costco - Abbotsford; Gas; #0163,604-850-3458,1127 Sumas Way; Hwy 1 Exit 92,Abbotsford,BC,V2S 8H2,CAN,
309,309,-96.739254,43.512658,Costco - Sioux Falls; Gas; #1159,605-988-9140,3700 S Grange Ave; I-229 Exit 3,Sioux Falls,SD,57105,USA,
310,310,-89.519131,43.101304999999996,Costco - Middleton; Gas; #1020,608-824-3950,2150 Deming Way,Middleton,WI,53562,USA,
311,311,-89.27341899999998,43.167476,Costco - Sun Prairie; Gas; #1121,608-825-4001,2850 Hoepker Rd,Sun Prairie,WI,53590,USA,
312,312,-74.28769399999999,39.706722,Costco - Manahawkin; Gas; #1025,609-242-2011,245 Stafford Park Blvd,Stafford Twp,NJ,08050,USA,
313,313,-75.386453,40.091196999999994,Costco - King of Prussia; #0245,610-337-6601,201 Allendale Rd,King of Prussia,PA,19406,USA,
314,314,-75.53183100000003,39.889768,Costco - Concordvile; Gas; #1114,610-387-2205,700 Evergreen Dr,Glen Mills,PA,19342,USA,
315,315,-75.574669,40.238706,Costco - Sanatoga; Gas; #1081,610-569-4137,14 W Lightcap Rd,Pottstown,PA,19464,USA,
316,316,-93.44037900000001,44.859275,Costco - Eagan; Gas; #1363,612-439-8060,995 Blue Gentian Rd,Eagan,MN,55121,USA,
317,317,-93.039783,45.029315000000004,Costco - Maplewood; Gas; #1021,612-486-1738,1431 Beam Ave,Maplewood,MN,55109,USA,
318,318,-92.9629,44.93877,Costco - Woodbury; Gas; #1272,612-540-5458,7070 Tamarack Rd; I-494 Exit 58C,Woodbury,MN,55125,USA,
319,319,-75.911847,45.302572999999995,Costco - Kanata; #0541,613-270-5550,770 Silver Seven Rd,Kanata,ON,K2V 1A5,CAN,
320,320,-76.56000999999998,44.260709999999996,Costco - Kingston; #0533,613-549-2527,1015 Centennial Dr,Kingston,ON,K7P 3B7,CAN,
321,321,-75.60345500000003,45.434940999999995,Costco - Gloucester; #1362,613-691-7607,1405 Blair Towers Pl,Gloucester,ON,K1J 1A5,CAN,
322,322,-75.780785,45.269711,Costco - Barrhaven; Gas; #1263,613-714-0913,4315 Strandherd Dr,Nepean,ON,K2J 6E5,CAN,
323,323,-75.72593,45.33812,Costco - Nepean; Gas; #0540,613-727-4786,1849 Merivale Road,Nepean,ON,K2G 1E3,CAN,
324,324,-75.60237,45.41498,Costco - Gloucester; #0511,613-748-9966,1900 Cyrville Road,Gloucester,ON,K1B 1A5,CAN,
325,325,-83.189424,40.108634,Costco - NW Columbus; Gas/Diesel; #1243,614-733-5002,7300 SR 161 E,Plain City,OH,43064,USA,
326,326,-82.904961,40.05336,Costco - Easton; Gas; #1160,614-934-6211,3888 Stelzer Rd; I-270 Exit 33,Columbus,OH,43219,USA,
327,327,-82.97743299999998,40.150981,Costco - Columbus; Gas; #0632,614-987-1900,1500 Gemini Pl,Columbus,OH,43240,USA,
328,328,-86.886137,36.139459,Costco - West Nashville; Gas; #0630,615-354-5100,6670 Charlotte Pike,Nashville,TN,37209,USA,
329,329,-86.817406,35.963432,Costco - Brentwood; Gas; #0386,615-493-1003,98 Seaboard Ln,Brentwood,TN,37027,USA,
330,330,-85.542822,42.910571000000004,Costco - Grand Rapids; Gas; #0784,616-233-4401,5100 28th Street SE; I-96 Exit 43,Grand Rapids,MI,49512,USA,
331,331,-85.764064,42.8766,Costco - Wyoming; Gas; #0744,616-406-2651,4901 Wilson Ave SW,Wyoming,MI,49418,USA,
332,332,-71.071382,42.396798,Costco - Everett; #0333,617-544-4806,2 Mystic View Rd,Everett,MA,02149,USA,
333,333,-117.083846,32.608833000000004,Costco - Chula Vista; Gas; #0405,619-205-1501,1130 Broadway; I-5 Exit 6,Chula Vista,CA,91911,USA,
334,334,-117.116054,32.712802,Costco - SE San Diego; Gas; #0483,619-358-2303,650 Gateway Center Dr; Hwy 94 Exit 2,San Diego,CA,92102,USA,
335,335,-117.128624,32.782486999999996,Costco- Mission Valley; Gas; #0488,619-358-4000,2345 Fenton Pkwy,San Diego,CA,92108,USA,
336,336,-116.98730900000001,32.841297,Costco - Santee; Gas; #0403,619-562-3227,101 Town Center Pkwy,Santee,CA,92071,USA,
337,337,-117.02226499999999,32.637558,Costco - Rancho Del Rey; Gas/Diesel; #0460,619-656-0826,895 East H St; I-805 Exit 7,Chula Vista,CA,91910,USA,
338,338,-117.02458100000001,32.773775,Costco - La Mesa; #0469,619-667-8504,8125 Fletcher Pkwy; I-8 Exit 13,La Mesa,CA,91941,USA,
339,339,-112.115858,33.659513000000004,Costco - North Phoenix; Gas/Diesel; #0490,623-293-4403,19001 N 27th Ave; I-17 Exit 214,Phoenix,AZ,85027,USA,
340,340,-112.23264099999999,33.642348999999996,Costco - Glendale; Gas; #0674,623-776-4003,17550 N 79th Ave; Hwy 101 Exit 15,Glendale,AZ,85308,USA,
341,341,-112.27443799999999,33.467334,Costco - Avondale; Gas; #0691,623-907-5663,10000 W McDowell Rd; I-10 Exit 133,Avondale,AZ,85392,USA,
342,342,-118.148531,34.08951500000001,Costco - Alhambra; Gas; #0428,626-289-7164,2207 West Commonwealth Ave,Alhambra,CA,91803,USA,
343,343,-117.92568100000001,34.131982,Costco - Azusa; Gas; #0412,626-812-7911,1220 W Foothill Blvd; I-210 Exit 38,Azusa,CA,91702,USA,
344,344,-117.922303,33.994637,Costco - City of Industry; Gas; #0679,626-839-3053,17550 Castleton St; Hwy 60 Exit 18,City of Industry,CA,91748,USA,
345,345,-88.203357,41.745328,Costco - Naperville; Gas; #0342,630-328-2900,1320 South Rte-59,Naperville,IL,60564,USA,
346,346,-88.133133,41.941111,Costco - Bloomingdale; Gas; #0371,630-351-3010,505 W. Army Trail Rd,Bloomingdale,IL,60108,USA,
347,347,-88.032535,41.728379,Costco - Bolingbrook; Gas; #1088,630-410-0702,830 E Boughton Rd,Bolingbrook,IL,60440,USA,
348,348,-88.34304399999998,41.909392,Costco - St Charles; Gas; #1040,630-549-2022,221 S. Randall Rd,St Charles,IL,60174,USA,
349,349,-87.96585400000002,41.845484,Costco - Oak Brook; Gas; #0388,630-928-0235,1901 West 22nd Street,Oak Brook,IL,60523,USA,
350,350,-73.050837,40.773087,Costco - Holbrook; Gas; #0230,631-244-0292,125 Beacon Dr,Holbrook,NY,11741,USA,
351,351,-73.420451,40.757585,Costco - Melville; #0237,631-293-8707,625 Broadhollow Rd,Melville,NY,11747,USA,
352,352,-73.13000600000002,40.859348,Costco - Nesconset; #0206,631-366-1504,3000 Middle Country Rd,Nesconset,NY,11767,USA,
353,353,-73.28581899999998,40.807046,Costco - Commack; #0240,631-462-3900,10 Garret Pl,Commack,NY,11725,USA,
354,354,-72.706843,40.925794,Costco - Riverhead; Gas; #0785,631-655-0110,1768 Old Country Rd,Riverhead,NY,11901,USA,
355,355,-90.50743299999999,38.597675,Costco - Manchester; Gas; #1060,636-686-7400,301 Highlands Blvd Dr,Manchester,MO,63011,USA,
356,356,-90.60696300000001,38.796124,Costco - St Peters; Gas; #0382,636-970-4004,200 Costco Way,Saint Peters,MO,63376,USA,
357,357,-79.347164,43.707581,Costco - Thorncliffe Park; Gas; #1316,647-265-9377,42 Overlea Blvd,Toronto,ON,M4H 1B6,CAN,
358,358,-79.28142700000002,43.730345,Business Center; #0595,647-484-5844,50 Thermos Rd,Scarborough,ON,M1L 0E6,CAN,
359,359,-122.27468999999999,37.56175800000001,Costco - Foster City; #0147,650-286-0739,1001 Metro Center Blvd,Foster City,CA,94404,USA,
360,360,-122.216576,37.479307,Costco - Redwood City; Gas; #1042,650-365-9384,2300 Middlefield Rd; Hwy 101 Exit 408,Redwood City,CA,94063,USA,
361,361,-122.448871,37.665603000000004,Costco - El Camino; Gas; #0475,650-757-3003,1600 El Camino Real,South San Francisco,CA,94080,USA,
362,362,-122.401137,37.661183,Business Center; #0654,650-784-4047,900 Dubuque Ave S; Hwy 101 Exit 425,South San Francisco,CA,94080,USA,
363,363,-122.400632,37.642356,Costco - South San Francisco; Gas; #0422,650-872-2021,451 S Airport Blvd,South San Francisco,CA,94080,USA,
364,364,-122.095432,37.420747,Costco - Mountain View; #0143,650-988-1841,1000 N Rengstorff Ave; Hwy 101 Exit 400,Mountain View,CA,94043,USA,
365,365,-93.216852,45.000746,Business Center; #0652,651-502-7600,3311 NE Broadway St,Minneapolis,MN,55413,USA,
366,366,-117.993071,33.768513,Business Center; #0943,657-400-7006,13225 Beach Blvd,Westminster,CA,92683,USA,
367,367,-118.461634,34.404672,Costco - Santa Clarita; Gas; #0477,661-250-2818,18649 Via Princessa; Hwy 14 Exit 6,Santa Clarita,CA,91387,USA,
368,368,-119.05833100000001,35.297436,Costco - SW Bakersfield; Gas; #0643,661-398-4740,4900 Panama Ln; Hwy 99 Exit 20,Bakersfield,CA,93313,USA,
369,369,-118.15156100000002,34.66175,Costco - Lancaster; Gas; #0762,661-802-4470,1141 W Ave L; Hwy 14 Exit 41,Lancaster,CA,93534,USA,
370,370,-119.04913700000002,35.384448,Costco - Bakersfield; Gas/Diesel; #0688,661-852-2643,3800 Rosedale Hwy; Hwy 99 Exit 26,Bakersfield,CA,93308,USA,
371,371,-84.33362199999998,33.571915999999995,Business Center; Gas; #0186,678-201-0003,1700 Mount Zion Rd; I-75 Exit 233,Morrow,GA,30260,USA,
372,372,-83.996563,34.062092,Costco - Mall of Georgia; Gas; #0366,678-288-3009,1550 Mall of Georgia Blvd; I-85 Exit 115,Buford,GA,30519,USA,
373,373,-84.621501,33.401469,Costco - Sharpsburg; Gas; #1361,678-621-8602,40 Fischer Crossing Dr,Sharpsburg,GA,30277,USA,
374,374,-84.277495,34.090509000000004,Costco - Alpharetta; Gas/Diesel; #0743,678-823-4950,2855 Jordan Ct; Hwy 19 Exit 11,Alpharetta,GA,30004,USA,
375,375,-96.887814,46.844475,Costco - West Fargo; Gas; #1119,701-281-2220,750 23rd Ave East; I-94 Exit 347,West Fargo,ND,58078,USA,
376,376,-115.037582,36.06982100000001,Costco - Henderson; Gas; #0673,702-352-2010,791 Marks St,Henderson,NV,89014,USA,
377,377,-115.33296100000001,36.163236,Costco - Summerlin; Gas; #0685,702-352-2053,801 S. Pavilion Center Dr,Las Vegas,NV,89144,USA,
378,378,-115.162748,36.17158,Business Center; Gas; #0035,702-384-6247,222 S Martin Luther King Blvd,Las Vegas,NV,89106,USA,
379,379,-115.209434,36.278940999999996,Costco - Centennial; Gas; #0737,702-415-2300,6555 N Decatur Blvd,Las Vegas,NV,89131,USA,
380,380,-115.134817,35.983519,Costco - SW Henderson; Gas; #1320,702-803-7044,3411 St Rose Pkwy,Henderson,NV,89052,USA,
381,381,-77.371634,38.849499,Costco - Fairfax; Gas; #0204,703-332-3200,4725 West Ox Rd,Fairfax,VA,22030,USA,
382,382,-77.51642700000002,38.783925,Costco - Manassas; Gas; #0225,703-368-7579,10701 Sudley Manor Dr,Manassas,VA,20109,USA,
383,383,-77.401668,39.023685,Costco - Sterling; Gas; #0218,703-406-6500,21398 Price Cascade Plz,Sterling,VA,20164,USA,
384,384,-77.057125,38.860960999999996,Costco - Pentagon City; #0233,703-413-2324,1200 South Fern St,Arlington,VA,22202,USA,
385,385,-77.295311,38.643205,Costco - Potomac Mills; Gas; #0626,703-490-7410,2700 Potomac Mills Circle,Woodbridge,VA,22192,USA,
386,386,-77.533198,39.115223,Costco - Leesburg; Gas; #0337,703-669-5060,1300 Edwards Ferry Rd NE,Leesburg,VA,20176,USA,
387,387,-77.442867,38.894997,Costco - Chantilly; Gas; #0334,703-885-5544,14390 Chantilly Crossing Ln,Chantilly,VA,20151,USA,
388,388,-77.197242,38.739419,Costco - Newington; #0227,703-912-1203,7373 Boston Blvd,Springfield,VA,22153,USA,
389,389,-80.704646,35.129532,Costco - Matthews; Gas; #0367,704-321-7443,2125 Matthews Township Pkwy,Matthews,NC,28105,USA,
390,390,-80.88466,35.161372,Costco - Charlotte; Gas; #0359,704-501-2403,500 Tyvola Rd; I-77 Exit 5,Charlotte,NC,28217,USA,
391,391,-79.45715899999998,44.59602,Costco - Orillia; Gas; #1265,705-418-1706,625 University Ave; Hwy 11 Exit 131,Orillia,ON,L3V 0Y7,CAN,
392,392,-80.945672,46.504101,Costco - Sudbury; #0257,705-524-8255,1465 Kingsway,Sudbury,ON,P3A 6B3,CAN,
393,393,-78.34119,44.27191,Costco - Peterborough; Gas; #0591,705-750-2600,485 The Parkway,Peterborough,ON,K9J 0B3,CAN,
394,394,-82.020258,33.524536,Costco - Augusta; Gas; #1102,706-739-1709,825 Cabela Dr; I-20 Exit 200,Augusta,GA,30909,USA,
395,395,-85.19466700000002,34.968399,Costco - Fort Oglethorpe; Gas; #1083,706-891-2579,100 Cobb Parkway; I-75 Exit 353,Ringgold,GA,30736,USA,
396,396,-123.19729199999999,39.130108,Costco - Ukiah; Gas; #1297,707-313-8012,1275 Airport Park Blvd,Ukiah,CA,95482,USA,
397,397,-124.182942,40.792171999999994,Costco - Eureka; Gas; #0125,707-441-8750,1006 West Wabash Ave,Eureka,CA,95501,USA,
398,398,-121.980193,38.35053,Costco - Vacaville; Gas; #0694,707-453-7343,1051 Hume Way,Vacaville,CA,95687,USA,
399,399,-122.71744299999999,38.353072999999995,Costco - Rohnert Park; Gas/Diesel; #0659,707-540-9113,5901 Redwood Dr; Hwy 101 Exit 483,Rohnert Park,CA,94928,USA,
400,400,-122.213426,38.133233000000004,Costco - Vallejo; Gas; #0132,707-553-6400,198 Plaza Dr; I-80 Exit 33,Vallejo,CA,94591,USA,
401,401,-122.711425,38.419813,Costco - Santa Rosa; Gas; #0041,707-566-6420,1900 Santa Rosa Ave; Hwy 101 Exit 488,Santa Rosa,CA,95407,USA,
402,402,-122.14491100000001,38.215406,Costco - Fairfield; Gas; #0453,707-864-3816,5101 Business Center Dr; I-80 Exit 40,Fairfield,CA,94534,USA,
403,403,-87.836304,41.910016,Costco - Melrose Park; Gas/Diesel; #1085,708-397-2905,8400 W North Ave,Melrose Park,IL,60160,USA,
404,404,-87.86190400000002,41.599465,Costco - Orland Park; Gas; #0647,708-645-5336,9915 W 159th Street,Orland Park,IL,60462,USA,
405,405,-87.807117,41.844440999999996,Costco - North Riverside; Gas; #1153,708-853-1017,2500 S Harlem Ave,North Riverside,IL,60546,USA,
406,406,-52.834461,47.507389,Costco - St Johns; Gas; #1324,709-701-8929,75 danny Dr,St John's,NL,A1H 1A3,CAN,
407,407,-95.52999,29.787768,Costco - Bunker Hill; Gas; #0680,713-576-2050,1150 Bunker Hill Rd,Houston,TX,77055,USA,
408,408,-117.74399199999999,33.875818,Costco - Yorba Linda; Gas; #0445,714-282-6650,22633 Savi Ranch Pkwy; Hwy 91 Exit 39,Yorba Linda,CA,92887,USA,
409,409,-117.822905,33.699912,Costco - Tustin; Gas; #1001,714-338-1933,2700 Park Ave,Tustin,CA,92782,USA,
410,410,-117.93173300000001,33.703448,Costco - Fountain Valley; Gas; #0411,714-338-2183,17900 Newhope; I-405 Exit 12,Fountain Valley,CA,92708,USA,
411,411,-117.99684099999999,33.732982,Costco - Huntington Beach; Gas; #1110,714-372-7510,7562 Center Ave; I-405 Exit 16,Huntington Beach,CA,92647,USA,
412,412,-117.940721,33.772405,Costco - Garden Grove; Gas; #0126,714-638-6308,11000 Garden Grove Blvd; Hwy 22 Exit 11,Garden Grove,CA,92843,USA,
413,413,-117.922128,33.862454,Costco - Fullerton; Gas; #0418,714-738-7521,900 S Harbor Blvd; Hwy 91 Exit 28,Fullerton,CA,92832,USA,
414,414,-117.796501,33.728469,Costco - Tustin Ranch; #0122,714-838-7895,2655 El Camino Real; I-5 EXit 101,Tustin,CA,92782,USA,
415,415,-76.256277,40.05324,Costco - Lancaster; Gas; #0317,717-396-8460,1875 Hempstead Rd,Lancaster,PA,17601,USA,
416,416,-76.79958,40.30982,Costco - Harrisburg; Gas; #0327,717-412-2053,5125 Jonestown Rd,Harrisburg,PA,17112,USA,
417,417,-73.93768100000001,40.767463,Costco - Queens; #0243,718-267-3680,3250 Vernon Blvd,Long Island City,NY,11106,USA,
418,418,-73.86357199999998,40.73333,Costco - Rego Park; #1070,718-760-6470,6135 Junction Blvd,Rego Park,NY,11374,USA,
419,419,-74.009074,40.655481,Costco - Brooklyn; #0318,718-965-7603,976 3rd Ave,Brooklyn,NY,11232,USA,
420,420,-74.168663,40.57268,Costco - Staten Island; Gas; #0316,718-982-9525,2975 Richmond Ave,Staten Island,NY,10314,USA,
421,421,-104.82187900000001,38.905252000000004,Costco - West Colorado Springs; Gas; #1030,719-264-5010,5050 N Nevada Ave,Colorado Springs,CO,80918,USA,
422,422,-104.71771,38.892736,Costco - East ColoradoSprings; Gas; #1014,719-591-3000,5885 Barnes Rd,Colorado Springs,CO,80922,USA,
423,423,-105.17428600000001,39.959534999999995,Costco - Superior; Gas; #0480,720-587-1000,600 Marshall Rd,Superior,CO,80027,USA,
424,424,-80.10772800000002,40.690676,Costco - Cranberry Twp; Gas; #0328,724-778-6303,1050 Cranberry Square Dr,Cranberry Township,PA,16066,USA,
425,425,-82.72877199999998,27.956166999999997,Costco - Clearwater; Gas; #0336,727-373-1951,2655 Gulf to Bay Blvd,Clearwater,FL,33759,USA,
426,426,-74.157622,40.05429,Costco - Brick Twp; Gas; #0739,732-262-6300,465 Route 70,Brick,NJ,08723,USA,
427,427,-74.170514,40.41941,Costco - Hazlet; #0222,732-335-3800,2835 Rte 35 South,Hazlet,NJ,07730,USA,
428,428,-74.045395,40.233946,Costco - Ocean Twp; Gas; #0329,732-481-0023,2361 Rte-66,Ocean,NJ,07712,USA,
429,429,-74.37561099999998,40.530415999999995,Costco - Edison; Gas; #0323,732-491-2023,205 Vineyard Rd; I-287 Exit 2,Edison,NJ,08817,USA,
430,430,-74.507287,40.436528,Costco - North bruswick; Gas; #1174,732-509-3905,100 Grand Ave,North Brunswick,NJ,08902,USA,
431,431,-74.558367,40.563248,Costco - Bridgewater; #0322,732-584-1003,325 Promenade Blvd,Bridgewater,NJ,08807,USA,
432,432,-74.303647,40.360838,Costco - Marlboro; Gas; #1093,732-617-4340,18 Rte 9 N,Morganville,NJ,07751,USA,
433,433,-83.743887,42.230682,Costco - Pittsfield Twp; Gas; #1106,734-213-8010,771 Airport Blvd,Ann Arbor,MI,48108,USA,
434,434,-83.331396,42.38153300000001,Costco - Middlebelt; Gas; #0390,734-427-0563,13700 Middlebelt Rd; I-96 Exit 176,Livonia,MI,48150,USA,
435,435,-83.429629,42.432843,Costco - Haggerty; Gas; #0391,734-464-6399,20000 Haggerty Rd,Livonia,MI,48152,USA,
436,436,-97.595701,30.474064000000002,Costco - Pflugerville; Gas; #1322,737-888-6037,1901 Kelly Lane,Pflugerville,TX,78660,USA,
437,437,-76.199804,36.851921000000004,Costco- Norfolk; Gas; #0202,757-459-4471,850 Glenrock Rd,Norfolk,VA,23502,USA,
438,438,-76.496687,37.106265,Costco - Newport News; Gas; #0247,757-746-2003,12121 Jefferson Ave,Newport News,VA,23602,USA,
439,439,-115.57295500000001,32.812024,Costco - El Centro; Gas; #0121,760-353-2380,2030 North Imperial Ave,El Centro,CA,92243,USA,
440,440,-117.124706,33.136465,Costco - San Marcos; Gas; #0416,760-480-6615,725 Center Dr; Hwy 78 Exit 16,San Marcos,CA,92069,USA,
441,441,-117.31853600000001,34.515099,Costco - Victorville; Gas; #0022,760-524-9904,14555 Valley Center Dr; I-15 Exit 151,Victorville,CA,92392,USA,
442,442,-117.276448,33.18833,Costco - Vista; Gas; #0124,760-631-7255,1755 Hacienda Dr; Hwy 78 Exit 4,Vista,CA,92081,USA,
443,443,-116.38936299999999,33.803945,Costco - Palm Desert; Gas; #0441,760-770-2810,72800 Dinah Shore Dr; I-10 Exit 131,Palm Desert,CA,92211,USA,
444,444,-116.273501,33.704383,Costco - La Quinta; Gas; #0638,760-775-0370,79795 Hwy-111,La Quinta,CA,92253,USA,
445,445,-117.31655,33.120138,Costco - Carlsbad; Gas; #0462,760-929-0963,951 Palomar Airport Rd; I-5 Exit 47,Carlsbad,CA,92011,USA,
446,446,-93.4238,45.092965,Costco - Maple Grove; Gas; #0648,763-494-8052,11330 Fountains Dr N,Maple Grove,MN,55369,USA,
447,447,-93.35405300000001,44.966922,Costco - St Louis Park; Gas; #0377,763-582-9603,5801 16th Street West,St Louis Park,MN,55416,USA,
448,448,-93.347894,45.198777,Costco - Coon rapids; Gas; #0372,763-712-7763,12547 Riverdale Blvd,Minneapolis,MN,55433,USA,
449,449,-84.353593,33.928307000000004,Costco - Perimeter; Gas; #0188,770-352-8660,6350 Peachtree Dunwoody Rd; Hwy 19 Exit 5,Atlanta,GA,30328,USA,
450,450,-84.46981600000002,33.880435,Costco - Cumberland Mall; Gas; #0631,770-431-1700,2900 Cumberland Mall; I-285 Exit 20,Atlanta,GA,30339,USA,
451,451,-84.143039,33.947764,Costco - Gwinnett; Gas; #0187,770-622-1330,3980 Venture Dr,Duluth,GA,30096,USA,
452,452,-84.526622,34.119031,Costco - Woodstock; Gas/Diesel; #1295,770-694-7193,113 Lincoln St,Woodstock,GA,30188,USA,
453,453,-84.56971899999998,34.004777000000004,Costco - Town Center; Gas/Diesel; #0189,770-794-1767,645 Barrett Pkwy; I-75 Exit 269,Kennesaw,GA,30144,USA,
454,454,-87.67690400000002,41.929504,Costco - Lincoln Park; Gas; #0380,773-360-2053,2746 N Clybourn Ave,Chicago,IL,60614,USA,
455,455,-119.738431,39.579072,Costco - Sparks; Gas/Diesel; #0646,775-356-4400,4810 Galleria Pkwy,Sparks,NV,89436,USA,
456,456,-119.78509,39.503098,Costco - Reno; Gas; #0025,775-689-2200,2200 Harvard Way,Reno,NV,89502,USA,
457,457,-119.77640900000002,39.116662,Costco - Carson City; Gas; #0127,775-881-2503,700 Old Clear Creek Rd,Carson City,NV,89705,USA,
458,458,-88.96131700000002,42.320282,Costco - Loves Park; Gas; #1353,779-513-8397,5000 Stadium Dr,Love's Park,IL,61111,USA,
459,459,-113.68796,53.5286,Costco - West Edmonton; Gas; #1112,780-341-2810,7259 Winterburn Rd,Edmonton,AB,T5T 6T7,CAN,
460,460,-113.3184,53.54635,Costco - Sherwood Park; Gas; #0544,780-410-2520,2201 Broadmoor Blvd,Sherwood Park,AB,T8H 0A1,CAN,
461,461,-113.57876,53.57903,Costco - North Edmonton; Gas; #0154,780-455-7575,12450 149th St NW,Edmonton,AB,T5V 1G9,CAN,
462,462,-113.41394,53.59538000000001,Costco - East Edmonton; Gas; #0156,780-478-0066,13650 50th Street,Edmonton,AB,T5A 4Y3,CAN,
463,463,-118.84529099999999,55.169518000000004,Costco - Grand Prairie; Gas; #0254,780-539-9373,9901 116th St,Grand Prairie,AB,T8V 6H6,CAN,
464,464,-113.639642,53.671544999999995,Costco - St Albert; Gas; #1157,780-544-2008,1075 St Albert Trail,St Albert,AB,T8N 4K6,CAN,
465,465,-113.468621,53.455234,Costco - South Edmonton; Gas; #0258,780-577-1200,2616 91st Street NW,Edmonton,AB,T6N 1N2,CAN,
466,466,-71.173641,42.231906,Costco - Dedham; Gas; #0319,781-251-9975,200 Legacy Blvd,Dedham,MA,02026,USA,
467,467,-71.265283,42.39457700000001,Costco - Waltham; #0308,781-622-3883,71 2nd Ave; I-95 Exit 27,Waltham,MA,02451,USA,
468,468,-80.322723,25.77376,Costco - Miami; Gas; #1229,786-482-7135,7795 W Flagler St,Miami,FL,33144,USA,
469,469,-111.889559,40.657334999999996,Costco - Murray; Gas; #0764,801-290-4200,5201 S Intermountain Dr,Murray,UT,84107,USA,
470,470,-111.89510800000001,40.889379,Costco - Bountiful; Gas; #0735,801-299-3940,573 West 100 North,West Bountiful,UT,84010,USA,
471,471,-111.977648,41.19704,Costco - South Ogden; Gas; #0770,801-317-3950,3656 Wall Ave,Ogden,UT,84405,USA,
472,472,-111.91728700000002,40.379919,Costco - Saratoga Springs; Gas; #1383,801-407-4194,1083 N Redwood Rd,Saratoga Springs,UT,84045,USA,
473,473,-111.901243,40.731120000000004,Costco - Salt Lake City; Gas/Diesel; #0113,801-485-9715,1818 South 300 West,Salt Lake City,UT,84115,USA,
474,474,-111.649574,40.124046,Costco - Spanish Fork; Gas; #1118,801-504-9530,273 E 1000 N; I-15 Exit 210,Spanish Fork,UT,84660,USA,
475,475,-111.975572,40.559958,Costco - South Jordan; Gas/Diesel; #1019,801-523-5287,3571 W 10400 S,South Jordan,UT,84095,USA,
476,476,-111.82328000000001,40.389995,Costco - Lehi; Gas; #0733,801-653-2710,198 North 1200 East,Lehi,UT,84043,USA,
477,477,-111.894772,40.549778,Costco - Sandy; Gas/Diesel; #0487,801-790-0003,11100 S Auto Mall Dr,Sandy,UT,84070,USA,
478,478,-111.68023899999999,40.279923,Costco - Orem; Gas; #0484,801-851-5003,648 East 800 South,Orem,UT,84097,USA,
479,479,-111.95353,40.690047,Costco - West Valley; Gas; #0622,801-996-9008,3747 South 2700 West,Salt Lake City,UT,84119,USA,
480,480,-73.174257,44.503958000000004,Costco - Colchester; Gas; #0314,802-655-4356,218 Lower Mountain View Dr; I-89 Exit 16,Colchester,VT,05446,USA,
481,481,-81.13914399999999,34.070559,Costco - Columbia; Gas; #1232,803-875-7130,507 Piney Grove Rd; I-26 Exit 104,Columbia,SC,29210,USA,
482,482,-77.605102,37.514582,Costco - Chesterfield; Gas; #1089,804-464-9110,1401 Mall DR,North Chesterfield,VA,23235,USA,
483,483,-77.561451,37.642388000000004,Costco - West Henrico; Gas; #0205,804-727-3050,9650 W Broad St,Glen Allen,VA,23060,USA,
484,484,-120.691223,35.25184799999999,Costco - San Luis Obispo; Gas; #0741,805-541-7000,1540 Froom Ranch Way,San Luis Obispo,CA,93405,USA,
485,485,-118.79629399999999,34.283786,Costco - Simi Valley; Gas/Diesel; #0128,805-578-3301,2660 Park Center Dr; Hwy 118 Exit 22,Simi Valley,CA,93065,USA,
486,486,-119.87478600000001,34.427788,Costco - Goleta; #0474,805-685-3199,7095 Market Place Dr; Hwy 101 Exit 108,Goleta,CA,93117,USA,
487,487,-120.41978200000001,34.927552,Costco - Santa Maria; Gas/Diesel; #1275,805-928-8459,1700 S Bradley Rd,Santa Maria,CA,93454,USA,
488,488,-119.14773899999999,34.225207,Costco - Oxnard; Gas; #0420,805-983-4200,2001 East Ventura Blvd; Hwy 101 Exit 60/61,Oxnard,CA,93036,USA,
489,489,-101.94745999999999,33.564607,Costco - Lubbock; Gas/Diesel; #1163,806-785-1450,6020 34th st,Lubbock,TX,79407,USA,
490,490,-159.379545,21.967039,Costco - Kauai; Gas; #0640,808-241-4000,4300 Nuhou St,Lihue Hawaii,HI,96766,USA,
491,491,-156.01647,19.685045000000002,Costco - Kona; Gas/Diesel; #0140,808-331-4800,73-5600 Maiau St,Kona Hawaii,HI,96740,USA,
492,492,-157.709496,21.283655,Costco - Hawaii Kai; #0120,808-396-5538,333A Keahole St,Honolulu Oahu,HI,96825,USA,
493,493,-157.87112,21.318564000000002,Costco - Iwilei; Gas; #0687,808-526-6103,525 Alakawa St,Honolulu Oahu,HI,96817,USA,
494,494,-158.087532,21.326729999999998,Costco - Kapolei; Gas; #1038,808-674-3900,4589 Kapolei Pkwy,Kapolie Oahu,HI,96707,USA,
495,495,-158.000376,21.426560000000002,Costco - Waipio; Gas; #0485,808-678-6103,94-1231 Ka Uka Blvd,Waipahu Oahu,HI,96797,USA,
496,496,-156.450774,20.887142,Costco - Maui; Gas; #0119,808-877-5248,540 Haleakala Hwy,Kahului Maui,HI,96732,USA,
497,497,-83.761964,42.503781,Costco - Green Oak Twp; Gas; #0786,810-220-8950,6700 Whitmore Lake Rd,Brighton,MI,48116,USA,
498,498,-87.467091,37.991521999999996,Costco - Evansville; Gas; #1331,812-909-6580,1201 N Cross Pointe Pl,Evansville,IN,47715,USA,
499,499,-82.392838,28.188421,Costco - Wesley Chapel; Gas; #1249,813-279-7031,2225 Grand Cypress Dr,Lutz,FL,33559,USA,
500,500,-82.58107,28.044265999999997,Costco - West Tampa; Gas; #1262,813-616-7001,8712 W Linebaugh Ave,Tampa,FL,33625,USA,
501,501,-82.33135,27.921298999999998,Costco - Brandon; Gas; #0358,813-952-0103,10921 Causeway Blvd,Brandon,FL,33511,USA,
502,502,-94.357184,39.036357,Costco - Independence; Gas; #0373,816-200-2003,19040 E Valley View Pkwy,Independence,MO,64055,USA,
503,503,-94.581047,39.067173,Costco - Kansas City; Gas; #0375,816-216-0003,241 East Linwood Blvd,Kansas City,MO,64111,USA,
504,504,-94.585823,39.253859999999996,Costco - North Kansas City; Gas/Diesel; #1268,816-857-7086,1600 NW 88th St,Kansas City,MO,64155,USA,
505,505,-97.40843199999999,32.67791500000001,Costco - Fort Worth; Gas; #0489,817-210-0003,5300 Overton Ridge Blvd,Fort Worth,TX,76132,USA,
506,506,-97.114497,32.68411500000001,Costco - Arlington; Gas; #0668,817-417-1603,600 West Arbrook Blvd,Arlington,TX,76014,USA,
507,507,-97.112156,32.941412,Costco - Southlake; Gas; #0669,817-749-2803,2601 E State Hwy-114,Southlake,TX,76092,USA,
508,508,-97.32013,32.901671,Costco - North Fort Worth; Gas; #1173,817-806-9833,8900 Tehama Ridge Pkwy; I-35 Exit 62,Fort Worth,TX,76117,USA,
509,509,-118.427186,34.272342,Costco - Pacoima; Gas; #1071,818-272-2700,13550 Paxton St; Hwy 118 Exit 44,Pacoima,CA,91331,USA,
510,510,-118.38017099999999,34.199735,Business Center; #0653,818-423-7082,11428 Sherman Way,North Hollywood,CA,91605,USA,
511,511,-118.46356200000001,34.181421,Costco - Van Nuys; Gas; #0048,818-464-1480,6100 Sepulveda Blvd; I-405 Exit 65,Van Nuys,CA,91411,USA,
512,512,-118.323807,34.185815000000005,Costco - Burbank; Gas; #0677,818-557-3783,1051 Burbank Blvd; I-5 Exit 146,Burbank,CA,91506,USA,
513,513,-118.797122,34.152178,Costco - Westlake Village; #0117,818-597-3901,5700 Lindero Canyon Rd; Hwy 101 Exit 39,Westlake Village,CA,91362,USA,
514,514,-118.550325,34.230672999999996,Costco - Northridge; Gas; #0437,818-775-1860,8810 Tampa Ave,Northridge,CA,91324,USA,
515,515,-118.602814,34.186963,Costco - Woodland Hills; Gas/Diesel; #1205,818-884-9099,21800 Victory Blvd,Woodland Hills,CA,91367,USA,
516,516,-75.70071999999998,45.4752,Costco - Gatineau; #0542,819-246-4005,1100 Boul. Maloney Ouest,Gatineau,QC,J8T 6G3,CAN,
517,517,-72.509422,45.909504999999996,Costco - Drummondville; Gas; #1127,819-473-7575,105 Rue-Robert-Bernard,Drummondville,QC,J2C 8N1,CAN,
518,518,-72.57094000000002,46.33083,Costco - Trois Rivieres; Gas; #0518,819-693-5758,3000 boul des RÃÂÃÂÃÂÃÂÃÂÃÂÃÂÃÂÃÂÃÂÃÂÃÂÃÂÃÂÃÂÃÂÃÂÃÂÃÂÃÂÃÂÃÂÃÂÃÂÃÂÃÂÃÂÃÂÃÂÃÂÃÂÃÂÃÂÃÂÃÂÃÂÃÂÃÂÃÂÃÂÃÂÃÂÃÂÃÂÃÂÃÂÃÂÃÂÃÂÃÂÃÂÃÂÃÂÃÂÃÂÃÂÃÂÃÂÃÂÃÂÃÂÃÂÃÂÃÂÃÂÃÂÃÂÃÂÃÂÃÂÃÂÃÂÃÂÃÂÃÂÃÂÃÂÃÂÃÂÃÂÃÂÃÂÃÂÃÂÃÂÃÂÃÂÃÂÃÂÃÂÃÂÃÂÃÂÃÂÃÂÃÂÃÂÃÂÃÂÃÂÃÂÃÂÃÂÃÂÃÂÃÂÃÂÃÂÃÂÃÂÃÂÃÂÃÂÃÂÃÂÃÂÃÂÃÂÃÂÃÂÃÂÃÂÃÂÃÂÃÂÃÂÃÂÃÂÃÂÃÂÃÂÃÂÃÂÃÂÃÂÃÂÃÂÃÂÃÂÃÂÃÂÃÂÃÂÃÂÃÂÃÂÃÂÃÂÃÂÃÂÃÂÃÂÃÂÃÂÃÂÃÂÃÂÃÂÃÂÃÂÃÂÃÂÃÂÃÂÃÂÃÂÃÂÃÂÃÂÃÂÃÂÃÂÃÂÃÂÃÂÃÂÃÂÃÂÃÂÃÂÃÂÃÂÃÂÃÂÃÂÃÂÃÂÃÂÃÂÃÂÃÂÃÂÃÂÃÂÃÂÃÂÃÂÃÂÃÂÃÂÃÂÃÂÃÂÃÂÃÂÃÂÃÂÃÂÃÂÃÂÃÂÃÂÃÂÃÂÃÂÃÂÃÂÃÂÃÂÃÂÃÂÃÂÃÂÃÂÃÂÃÂÃÂÃÂÃÂÃÂÃÂÃÂÃÂÃÂÃÂÃÂÃÂÃÂÃÂÃÂÃÂÃÂÃÂÃÂÃÂÃÂÃÂÃÂÃÂÃÂÃÂÃÂÃÂÃÂÃÂÃÂ©collets,Trois-Rivieres-Quest,QC,G9A 6J2,CAN,
519,519,-71.95170999999998,45.393879999999996,Costco - Sherbrooke; #0514,819-822-0681,3400 King Ouest,Sherbrooke,QC,J1L 1C9,CAN,
520,520,-113.552477,53.308225,Costco - Nisku; Gas; #1270,825-319-2061,Hwy 2 Exit 522; 2584 46 Ave E Airport Rd,Nisku,AB,T9E 1K2,CAN,
521,521,-121.668553,36.70385200000001,Costco - Salinas; #0472,831-424-4242,1339 North Davis Rd; Hwy 101 Exit 330,Salinas,CA,93907,USA,
522,522,-122.03401399999998,36.984381,Costco - Santa Cruz; Gas/Diesel; #0149,831-469-0961,220 Sylvania Ave,Santa Cruz,CA,95060,USA,
523,523,-121.84538799999999,36.616958000000004,Costco - Sand City; #0131,831-899-1256,801 Tioga Ave,Sand City,CA,93955,USA,
524,524,-95.439146,29.73367,Costco - Galleria; Gas; #1018,832-325-5850,3836 Richmond Ave,Houston,TX,77027,USA,
525,525,-95.712165,29.978174,Costco - Cypress; Gas; #1208,832-653-4584,26960 Hempstead Rd,Cypress,TX,77433,USA,
526,526,-95.54802099999999,29.954581,Costco - Willowbrook; Gas; #0675,832-912-2353,12405 N Gessner Rd,Houston,TX,77064,USA,
527,527,-79.771148,32.885616,Costco - Mt Pleasant; Gas; #1319,843-375-7029,3525 Park Ave Blvd,Mt Pleasant,SC,29466,USA,
528,528,-80.035888,32.795575,Costco - Charleston; Gas; #0360,843-460-2000,3050 Ashley Town Center,Charleston,SC,29414,USA,
529,529,-78.915906,33.705698,Costco - Myrtle Beach; Gas; #0338,843-839-6604,1021 Oak Forest Ln,Myrtle Beach,SC,29577,USA,
530,530,-74.025274,41.107253,Costco - Nanuet; Gas; #0305,845-425-1469,50 Overlook Blvd,Nanuet,NY,10954,USA,
531,531,-87.903328,42.238313,Costco - Mettawa; Gas; #1074,847-235-1300,25901 Riverwoods Rd,Mettawa,IL,60045,USA,
532,532,-88.093412,42.187135,Costco - Lake Zurich; Gas; #0378,847-540-3053,680 S. Rand Rd,Lake Zurich,IL,60047,USA,
533,533,-87.932579,42.083331,Costco - Mt Pleasant; Gas; #0779,847-660-2000,999 N. Elmhurst Rd,Mount Prospect,IL,60056,USA,
534,534,-87.82158199999998,42.109363,Costco - Glenview; Gas; #0348,847-730-1003,2900 Patriot Blvd,Glenview,IL,60026,USA,
535,535,-88.339285,42.178622,Costco - Lake in the Hills; Gas; #0774,847-960-9909,250 N. Randall Rd,Lake in the Hills,IL,60156,USA,
536,536,-88.042213,42.05527100000001,Costco - Schaumburg; Gas; #0387,847-969-0790,1375 N Meacham Rd,Schaumburg,IL,60173,USA,
537,537,-87.780429,42.01481500000001,Costco - Niles; Gas; #0383,847-972-3003,7311 N Melvina Ave; I-94 Exit 39,Niles,IL,60714,USA,
538,538,-84.212088,30.460557,Costco - Tallahassee; Gas; #1026,850-219-2500,4067 Lagniappe Way,Tallahassee,FL,32317,USA,
539,539,-74.90755300000002,39.971767,Costco - Mt Laurel; Gas; #0749,856-359-3650,100 Centerton Rd,Mount Laurel,NJ,08054,USA,
540,540,-117.225899,32.823589,Costco - Morena; Gas; #0401,858-270-6920,4605 Morena Blvd; I-5 Exit 23,San Diego,CA,92117,USA,
541,541,-117.07694199999999,32.987134999999995,Costco - Carmel Mountain; Gas; #0452,858-675-0248,12350 Carmel Mountain Rd,San Diego,CA,92128,USA,
542,542,-117.153749,32.816477,Business Center; #0578,858-790-6750,7803 Othello Ave,San Diego,CA,92111,USA,
543,543,-117.032326,32.935179999999995,Costco - Poway; Gas; #0775,858-848-2451,12155 Tech Center Dr,Poway,CA,92064,USA,
544,544,-84.410291,38.024108,Costco - Lexington; Gas; #1156,859-245-3620,1500 Fitzgerald Ct,Lexington,KY,40509,USA,
545,545,-84.649777,38.987565000000004,Costco - Florence; Gas/Diesel; #1197,859-568-7000,800 Heights Blvd,Florence,KY,41042,USA,
546,546,-72.575101,41.994163,Costco - Enfield; Gas; #0780,860-394-2001,75 Freshwater Blvd; I-91 Exit 47,Enfield,CT,06082,USA,
547,547,-72.212701,41.359448,Costco - East Lyme; Gas; #1372,860-739-4700,284 Flanders Rd; I-95 Exit 74,East Lyme,CT,06333,USA,
548,548,-72.764989,41.70982100000001,Costco - New Britain; Gas; #1196,860-893-7001,405 Hartford Rd,New Britain,CT,06053,USA,
549,549,-82.313073,34.836061,Costco - Greenville; Gas; #1005,864-297-2560,1021 Woodruff Rd; I-385 Exit 37,Greenville,SC,29607,USA,
550,550,-81.99783599999998,34.940014,Costco - Spartanburg; Gas; #1008,864-515-4940,211 W Blackstock Rd,Spartanburg,SC,29301,USA,
551,551,-84.14115,35.89630800000001,Costco - Farragut; Gas; #1116,865-218-7700,10745 Kingston Pike,Knoxville,TN,37934,USA,
552,552,-71.958772,45.4240908,Costco - Sherbrooke; Gas; #1367,873-500-5544,3800 Boul De Monseigneur-Fortier,Sherbrooke,QC,J1L 0C8,CAN,
553,553,-89.795532,35.192031,Costco - NE Memphis; Gas; #0352,901-214-0003,2431 North Germantown Pkwy; I-40 Exit 16,Cordova,TN,38016,USA,
554,554,-89.797364,35.046015999999995,Costco - SE Memphis; Gas; #0353,901-214-0054,3775 Hacks Cross Rd,Memphis,TN,38125,USA,
555,555,-63.566487,44.70445,Costco - Dartmouth; #0551,902-481-7637,137 Countryview Dr,Dartmouth,NS,B3B 0E7,CAN,
556,556,-63.676136,44.656146,Costco - Halifax; #0519,902-876-7788,230 Chain Lake Dr,Halifax,NS,B3S 1C5,CAN,
557,557,-81.756252,30.20226,Costco - West Jacksonville; Gas; #1294,904-479-7521,8000 Parramore Rd; I-295 Exit 12,Jacksonville,FL,32244,USA,
558,558,-81.53348100000002,30.251894,Costco - East Jacksonville; #0357,904-997-7003,4901 Gate Pkwy,Jacksonville,FL,32246,USA,
559,559,-79.2527,43.851659999999995,Costco - East Markham; #0545,905-201-3500,65 Kirkham Dr,Markham,ON,L3S 0A9,CAN,
560,560,-79.542378,43.786207,Costco - Vaughan; Gas; #0547,905-264-8337,71 Colossus Dr,Woodbridge,ON,L4L 9J8,CAN,
561,561,-79.94806,43.22876,Costco - Ancaster; Gas; #1105,905-304-0355,100 Legend Court,Ancaster,ON,L9K 1J3,CAN,
562,562,-79.822385,43.343751,Costco - Burlington; #0253,905-336-9121,1225 Brant St,Burlington,ON,L7P 1X7,CAN,
563,563,-78.856003,43.903757,Costco - Oshawa; Gas; #1128,905-404-4050,130 Ritson Rd North,Oshawa,ON,L1G 1Z7,CAN,
564,564,-79.71337,43.681059999999995,Costco - Brampton; #0162,905-450-9300,100 Biscayne Crescent,Brampton,ON,L6W 4S1,CAN,
565,565,-79.35454,43.845859999999995,Costco - Markham; #0151,905-477-5718,1 YorkTech Drive,Markham,ON,L6G 1A6,CAN,
566,566,-79.579596,43.612299,Costco - Central Mississauga; Gas; #1169,905-566-2400,1570 Dundas Ste,Mississauga,ON,L4X 1L4,CAN,
567,567,-79.68947,43.6115,Costco - North Mississauga; #0526,905-568-4828,5900 Rodeo Dr,Mississauga,ON,L5R 3S9,CAN,
568,568,-79.019814,43.864416,Costco - Ajax; Gas; #0159,905-619-6677,150 Kingston Road East,Ajax,ON,L1Z 1E5,CAN,
569,569,-79.25089,43.179063,Costco - St Catharines; #0523,905-646-2008,3 North Service Road,St Catharines,ON,L2N 7R1,CAN,
570,570,-79.681349,44.334669,Costco - Barrie; Gas; #0252,905-780-2100,41 MapleView Drive East,Barrie,ON,L4N 9A9,CAN,
571,571,-79.392051,43.901816,Costco - Richmond Hill; #0592,905-780-2100,35 John Birchall Rd,Richmond Hill,ON,L4S 0B2,CAN,
572,572,-79.687711,43.521232,Costco - South Mississauga; #0531,905-828-3340,3180 Laird Road,Mississauga,ON,L5L 5P8,CAN,
573,573,-79.48406,44.06988,Costco - Newmarket; Gas; #0510,905-954-4733,18182 Yonge St,East Gwillimbury,ON,L9N 0J3,CAN,
574,574,-147.707275,64.852882,Costco - Fairbanks; Gas; #1342,907-205-3607,48 College Rd,Fairbanks,AK,99701,USA,
575,575,-149.803725,61.211183,Costco - NE Anchorage; Gas; #0063,907-269-9510,4125 DeBarr Rd,Anchorage,AK,99508,USA,
576,576,-149.88409,61.143268000000006,Costco - Anchorage; Gas/Diesel; #0010,907-349-2335,330 West Dimond Blvd,Anchorage,AK,99515,USA,
577,577,-134.482326,58.359471,Costco - Juneau; #0107,907-780-6740,5225 Commercial Blvd,Juneau,AK,99801,USA,
578,578,-74.45942099999998,40.611686999999996,Costco - North Plainfield; Gas; #1166,908-546-5666,1290 Hwy 22E,North Plainfield,NJ,07060,USA,
579,579,-74.287644,40.694159,Costco - Union; Gas; #0320,908-810-1458,1055 Hudson St,Union,NJ,07083,USA,
580,580,-74.859711,40.517478999999994,Costco - Flemington; Gas; #1236,908-905-7210,2a Walter E Foran Blvd N,Flemington,NJ,08822,USA,
581,581,-117.74245400000001,34.014146000000004,Costco - Chino Hills; Gas; #0473,909-464-2900,13111 Peyton Dr,Chino Hills,CA,91709,USA,
582,582,-117.263372,34.06839,Costco - San Bernarino; Gas; #0478,909-478-3445,1099 E Hospitality Ln; I-10 Exit 74,San Bernardino,CA,92408,USA,
583,583,-117.69055800000001,34.083034000000005,Costco - Montclair; Gas; #0686,909-575-5004,9404 Central Ave; I-10 Exit 49,Montclair,CA,91763,USA,
584,584,-117.54811399999998,34.079006,Costco - Rancho Cucamonga; Gas; #0678,909-581-1700,11800 4th St; I-15 Exit 110,Rancho Cucamonga,CA,91739,USA,
585,585,-117.443071,34.137526,Costco - Fontana; Gas; #0627,909-770-5639,16505 Sierra Lakes Pkwy; I-210 Exit 66 or 67,Fontana,CA,92336,USA,
586,586,-117.50423,34.063807000000004,Business Center; #0947,909-789-1221,3680 E Guasti Rd; I-10 Exit 56,Ontario,CA,91761,USA,
587,587,-117.82841699999999,34.113535,Costco - San Dimas; Gas; #1015,909-962-5507,520 N Lone Hill Ave,San Dimas,CA,91773,USA,
588,588,-77.872737,34.248883,Costco - Wilmington; Gas; #0635,910-798-3252,5351 Gingerwood Dr,Wilmington,NC,28405,USA,
589,589,-94.670834,38.907288,Costco - Overland Park; Gas; #0369,913-217-2053,12221 Blue Valley Pkwy,Overland Park,KS,66213,USA,
590,590,-94.733509,38.958856,Costco - lenexa; Gas; #0349,913-227-3703,9350 Marshall Dr; I-35 Exit 224,Lenexa,KS,66215,USA,
591,591,-73.794504,40.896147,Costco - New Rochelle; Gas; #0241,914-235-2233,1 Industrial Ln,New Rochelle,NY,10805,USA,
592,592,-73.86129,40.974962,Costco - Yonkers; #0321,914-595-1003,20 Stew Leonard Dr,Yonkers,NY,10710,USA,
593,593,-73.66178599999998,40.999368,Costco - Port Chester; #0326,914-935-3103,1 Westchester Ave,Port Chester,NY,10573,USA,
594,594,-106.40946399999999,31.782259999999997,Costco - El Paso; Gas; #0768,915-774-5203,6101 Gateway West Blvd; I-10 Exit 23,El Paso,TX,79925,USA,
595,595,-121.385529,38.60784500000001,Business Center; #0893,916-426-4556,3360 El Camino Ave,Sacramento,CA,95821,USA,
596,596,-121.414025,38.407634,Costco - Elk Grove; Gas; #1274,916-465-6050,7400 Elk Grove Blvd,Elk Grove,CA,95757,USA,
597,597,-121.29713000000001,38.689428,Costco - Citrus Heights; Gas; #0771,916-560-4000,7000 Auburn Blvd,Citrus Heights,CA,95621,USA,
598,598,-121.45266699999999,38.597106,Costco - Cal Expo; Gas; #0471,916-563-7002,1600 Expo Pkwy,Sacramento,CA,95815,USA,
599,599,-121.414341,38.468475,Costco - Sacramento; Gas; #0464,916-682-3569,7981 East Stockton Blvd,Sacramento,CA,95823,USA,
600,600,-121.263848,38.588193,Costco - Rancho Cordova; Gas; #0438,916-724-2240,11260 White Rock Rd,Rancho Cordova,CA,95742,USA,
601,601,-121.26770800000001,38.780118,Costco - Roseville; Gas/Diesel; #0029,916-789-1485,6750 Stanford Ranch Rd; Hwy 65 Exit 307,Roseville,CA,95678,USA,
602,602,-121.109486,38.645499,Costco - Folsom; Gas/Diesel; #0765,916-850-1000,1800 Cavitt Court; Hwy 50 Exit 27,Folsom,CA,95630,USA,
603,603,-95.887447,36.014915,Costco - Tulsa; Gas/Diesel; #1207,918-498-7001,10220 S Memorial Dr,Tulsa,OK,74133,USA,
604,604,-78.913853,36.029146999999995,Costco - Durham; Gas; #0249,919-220-2740,1510 N Pointe Dr,Durham,NC,27705,USA,
605,605,-78.826229,35.746995,Costco - Apex; Gas; #1206,919-331-6027,1021 Pine Plaza Dr,Apex,NC,27523,USA,
606,606,-78.621729,35.818084999999996,Costco - Raleigh; Gas; #0645,919-755-2801,2838 Wake Forest Rd,Raleigh,NC,27609,USA,
607,607,-88.488986,44.270857,Costco; - Grand Chute; Gas/Diesel; #1222,920-363-7000,5401 W Integrity Way,Grand Chute,WI,54913,USA,
608,608,-87.985499,44.457594,Costco - Green Bay; Gas; #1162,920-469-5700,2355 Costco Way,Bellevue,WI,54311,USA,
609,609,-121.972853,37.78259,Costco - Danville; #0021,925-277-0407,3150 Fostoria Way; I-680 Exit 38,Danville,CA,94526,USA,
610,610,-121.81256200000001,37.702888,Costco - Livermore; Gas; #0146,925-443-6306,2800 Independence Dr; I-580 Exit 50,Livermore,CA,94551,USA,
611,611,-122.034196,37.959142,Costco - Concord; Gas/Diesel; #0663,925-566-4003,2400 Monument Blvd,Concord,CA,94520,USA,
612,612,-121.83891399999999,38.009793,Costco - Antioch; Gas; #1002,925-757-7130,2201 Verne Roberts Cir; Hwy 4 Exit 26,Antioch,CA,94509,USA,
613,613,-112.39684299999999,34.547881,Costco - Prescott; Gas/Diesel; #0466,928-541-2203,3911 Hwy-69,Prescott,AZ,86301,USA,
614,614,-95.453689,30.208462,Costco - Woodlands; Gas/Diesel; #1189,936-703-2295,8185 SH 242; I-45 Exit 78,The Woodlands,TX,77385,USA,
615,615,-95.45362,30.208431,Costco - Woodlands; Gas; #1189,936-703-2295,8185 Hwy 242; I-45 Exit 79,Conroe,TX,77385,USA,
616,616,-84.107013,39.662368,Costco - Centervile; Gas; #1185,937-640-6000,5300 Cornerstone North Blvd; I-675 Exit 7,Centerville,OH,45440,USA,
617,617,-82.471902,27.502994,Costco - Bradenton; Gas; #1364,941-213-0747,805 Lighthouse Dr,Bradenton,FL,34212,USA,
618,618,-82.494371,27.234098,Costco - Sarasota Mall; Gas; #1123,941-554-2800,8201 S Tamiami Trail,Sarasota,FL,34328,USA,
619,619,-117.67803799999999,33.469570000000004,Costco - San Juan Capistrano; Gas; #0429,949-240-3558,33961 Doheny Park Rd,San Juan Capistrano,CA,92675,USA,
620,620,-117.67695900000001,33.555310999999996,Costco - Laguna Niguel; Gas; #0028,949-364-0217,27972 Cabot Rd,Laguna Niguel,CA,92677,USA,
621,621,-117.71091200000001,33.566778,Costco - Laguna Marketplace; Gas; #0690,949-389-8703,27220 Heather Ridge Rd,Laguna Niguel,CA,92677,USA,
622,622,-117.745618,33.660191999999995,Costco - Irvine; Gas/Diesel; #0454,949-453-0435,115 Technology West Dr; I-5 Exit 94,Irvine,CA,92618,USA,
623,623,-117.33982900000001,33.696321000000005,Costco - Lake Elsinore; Gas; #0746,951-253-6030,29315 Central Ave; I-15 Exit 77,Lake Elsinore,CA,92532,USA,
624,624,-117.52262900000001,33.88612,Costco - Corona; Gas; #0432,951-279-1190,480 McKinley St; Hwy 91 Exit 53,Corona,CA,92879,USA,
625,625,-117.277018,33.935476,Costco - Moreno Valley; Gas; #0455,951-697-8900,12700 Day St; Hwy 60 Exit 59,Moreno Valley,CA,92553,USA,
626,626,-117.154362,33.521227,Costco - Temecula; Gas/Diesel; #0491,951-719-2000,26610 Ynez Rd; I-15 Exit 61,Temecula,CA,92591,USA,
627,627,-117.556991,34.000208,Costco; - Eastvale; Gas; #1317,951-749-7190,5030 Hammer Ave; I-5 Exit 105,Eastvale,CA,91752,USA,
628,628,-93.293897,44.749076,Costco - Burnsville; Gas; #1087,952-229-6449,14050 Burnhaven Dr,Burnsville,MN,55337,USA,
629,629,-93.435923,44.86029600000001,Costco - Eden Prairie; Gas; #0783,952-943-4801,12011 Technology Dr,Eden Prairie,MN,55344,USA,
630,630,-80.150038,26.273362,Costco - Pompano; Gas; #0088,954-247-3554,1800 W Sample Rd; I-95 Exit 39,Pompano Beach,FL,33064,USA,
631,631,-80.360331,26.009617000000002,Costco - Pembroke Pines; Gas; #0742,954-266-3460,15915 Pines Blvd; I-75 Exit 9,Pembroke Pines,FL,33027,USA,
632,632,-80.247437,26.096586,Costco - Davie; Gas; #0091,954-370-8990,1890 S University Dr; I-595 Exit 5,Davie,FL,33324,USA,
633,633,-80.27793299999998,26.287219,Costco - Coral Springs; Gas; #1323,954-715-8240,4621 Coral Ridge Dr,Coral Springs,FL,33076,USA,
634,634,-98.202653,26.19335,Costco - Pharr; Gas; #1108,956-354-3900,1501 W Kelly Ave,Pharr,TX,78577,USA,
635,635,-106.890825,39.644362,Costco - Gypsum; Gas/Diesel; #0637,970-328-7601,170 Cooley Mesa Rd,Gypsum,CO,81637,USA,
636,636,-104.98892,40.520554,Costco - Timnath; Gas/Diesel; #1178,970-416-6115,4705 Weitzel St; I-25 Exit 265,Timnath,CO,80547,USA,
637,637,-96.699569,33.044542,Costco - East Plano; Gas; #0664,972-244-0003,3800 N. Central Expy,Plano,TX,75074,USA,
638,638,-96.831029,33.024347999999996,Costco - West Plano; Gas; #0684,972-246-2203,1701 Dallas Pkwy,Plano,TX,75093,USA,
639,639,-96.44572099999999,32.908196000000004,Costco - Rockwell; Gas; #1049,972-772-1600,1225 Hwy 276,Rockwall,TX,75032,USA,
640,640,-74.254896,40.889996000000004,Costco - Wayne; Gas; #1177,973-339-4006,149 SR 23,Wayne,NJ,07470,USA,
641,641,-74.379378,40.81240800000001,Costco - East Hanover; #0244,973-602-2000,156 SR-10 West,East Hanover,NJ,07936,USA,
642,642,-74.568627,40.906921000000004,Costco - Wharton; Gas; #0315,973-659-2000,315 Rte 15; I-80 Exit 34,Wharton,NJ,07885,USA,
643,643,-74.136482,40.831654,Costco - Clifton; Gas; #0306,973-779-8715,20 Bridewell Pl,Clifton,NJ,07014,USA,
644,644,-70.977402,42.556955,Costco - Danvers; Gas; #0301,978-750-1000,11 Newbury St; I-95 Exit 47,Danvers,MA,01923,USA,
645,645,-80.851862,35.583045,Costco - Mooresville; Gas; #1333,980-447-9757,392 Talbert Rd; I-77 Exit 35,Mooresville,NC,28117,USA,
646,646,-111.984268,43.511486,Costco - Idaho Falls; Gas; #1379,986-497-3149,2495 E Lincoln Rd,Idaho Falls,ID,83401,USA,
647,647,-100.770706,46.865629,Coctco - Bismarck; Gas; #1380,425-313-8100,1325 57th Ave NE,Bismarck,ND,58503,USA,
648,648,-88.244561,40.143024,Costco - Champaign,Oct 2020,2000 N Neil St,Champaign,IL,61820,USA,
649,649,-116.43501100000002,43.662254,Costco - Meridian,Oct 2020,Chinden Blvd and Ten Mile Rd,Meridian,ID,83646,USA,
650,650,-84.16820899999998,43.603732,Costco - Midland,Oct 2020,4816 Bay City Rd,Midland,MI,48642,USA,
651,651,-121.811576,37.31786500000001,Business Center,Oct 2020,2140 Quimby Rd,San Jose,CA,95122,USA,
652,652,-121.810397,37.318487,Business Center,Sept 2020,E Capitol Expy,San Jose,CA,95122,USA,
653,653,-75.037729,39.926504,Costco - Cherry Hill,Sept 2020,Golden State Blvd,Cherry Hill,NJ,08002,USA,
654,654,-112.410147,33.609096,Costco - Surprise,Sept 2020,Sarival and Waddell,Surprise,AZ,85388,USA,
655,655,-73.43223499999998,45.505187,Business Center,Sept 2020,5025 Boul Cousineau,St Hubert,QC,J3Y 3K7,CAN,
656,656,-74.1011,40.672784,Costco - Bayonne; Gas; #1334,201-354-2335,21 Goldsborough Dr,Bayonne,NJ,07002,USA,
